uuid,adm4_pcode,date,freq,brgy_healthcenter_pop_reached_5min,brgy_healthcenter_pop_reached_15min,brgy_healthcenter_pop_reached_30min,brgy_healthcenter_pop_reached_pct_5min,brgy_healthcenter_pop_reached_pct_15min,brgy_healthcenter_pop_reached_pct_30min,hospital_pop_reached_5min,hospital_pop_reached_15min,hospital_pop_reached_30min,hospital_pop_reached_pct_5min,hospital_pop_reached_pct_15min,hospital_pop_reached_pct_30min,rhu_pop_reached_5min,rhu_pop_reached_15min,rhu_pop_reached_30min,rhu_pop_reached_pct_5min,rhu_pop_reached_pct_15min,rhu_pop_reached_pct_30min
MBISO000078,PH063022001,2022-01-01,S,2046.38,2046.38,2046.38,100.0,100.0,100.0,0.0,2045.32,2046.38,0.0,99.95,100.0,1604.52,2046.38,2046.38,78.41,100.0,100.0
MBISO000079,PH063022003,2022-01-01,S,731.32,731.32,731.32,54.64,54.64,54.64,0.0,731.32,731.32,0.0,54.64,54.64,731.32,731.32,731.32,54.64,54.64,54.64
MBISO00007A,PH063022004,2022-01-01,S,3935.71,4557.03,4557.03,84.84,98.23,98.23,3612.69,4557.03,4557.03,77.88,98.23,98.23,3395.88,4557.03,4557.03,73.2,98.23,98.23
MBISO00007B,PH063022005,2022-01-01,S,2843.21,2843.21,2843.21,99.22,99.22,99.22,0.0,2843.21,2843.21,0.0,99.22,99.22,2843.21,2843.21,2843.21,99.22,99.22,99.22
MBISO00007C,PH063022006,2022-01-01,S,1011.12,1011.12,1011.12,82.85,82.85,82.85,134.32,1011.12,1011.12,11.01,82.85,82.85,876.8,1011.12,1011.12,71.84,82.85,82.85
MBISO00007D,PH063022007,2022-01-01,S,578.94,578.94,578.94,91.92,91.92,91.92,504.24,578.94,578.94,80.06,91.92,91.92,578.94,578.94,578.94,91.92,91.92,91.92
MBISO00007E,PH063022008,2022-01-01,S,870.81,870.81,870.81,100.0,100.0,100.0,870.81,870.81,870.81,100.0,100.0,100.0,870.81,870.81,870.81,100.0,100.0,100.0
MBISO00007F,PH063022009,2022-01-01,S,4678.61,4678.61,4678.61,97.99,97.99,97.99,1778.94,4678.61,4678.61,37.26,97.99,97.99,3581.75,4678.61,4678.61,75.02,97.99,97.99
MBISO000080,PH063022010,2022-01-01,S,8785.38,8815.86,8815.86,99.65,100.0,100.0,0.0,8815.86,8815.86,0.0,100.0,100.0,0.0,8809.56,8815.86,0.0,99.93,100.0
MBISO000081,PH063022011,2022-01-01,S,3683.62,4009.81,4009.81,91.87,100.0,100.0,3153.77,4009.81,4009.81,78.65,100.0,100.0,0.0,447.81,4009.81,0.0,11.17,100.0
MBISO000082,PH063022012,2022-01-01,S,4177.64,4177.64,4177.64,99.81,99.81,99.81,0.0,4177.64,4177.64,0.0,99.81,99.81,2007.65,4177.64,4177.64,47.97,99.81,99.81
MBISO000083,PH063022014,2022-01-01,S,1542.15,1542.15,1542.15,65.53,65.53,65.53,0.0,1542.15,1542.15,0.0,65.53,65.53,1542.15,1542.15,1542.15,65.53,65.53,65.53
MBISO000084,PH063022015,2022-01-01,S,752.61,752.61,752.61,95.84,95.84,95.84,752.61,752.61,752.61,95.84,95.84,95.84,752.61,752.61,752.61,95.84,95.84,95.84
MBISO000085,PH063022016,2022-01-01,S,755.05,939.14,939.14,77.08,95.88,95.88,0.0,939.14,939.14,0.0,95.88,95.88,0.0,939.14,939.14,0.0,95.88,95.88
MBISO000086,PH063022017,2022-01-01,S,4302.79,4328.93,4328.93,99.4,100.0,100.0,4302.79,4328.93,4328.93,99.4,100.0,100.0,3662.68,4328.93,4328.93,84.61,100.0,100.0
MBISO000087,PH063022018,2022-01-01,S,3495.93,3495.93,3495.93,90.26,90.26,90.26,3103.21,3495.93,3495.93,80.12,90.26,90.26,0.0,3495.93,3495.93,0.0,90.26,90.26
MBISO000088,PH063022019,2022-01-01,S,5931.47,5931.47,5931.47,100.0,100.0,100.0,5463.96,5931.47,5931.47,92.12,100.0,100.0,0.0,3405.33,5931.47,0.0,57.41,100.0
MBISO000089,PH063022020,2022-01-01,S,1543.14,1543.14,1543.14,72.85,72.85,72.85,0.0,1543.14,1543.14,0.0,72.85,72.85,1543.14,1543.14,1543.14,72.85,72.85,72.85
MBISO00008A,PH063022021,2022-01-01,S,3788.68,3788.68,3788.68,84.9,84.9,84.9,3788.68,3788.68,3788.68,84.9,84.9,84.9,352.83,3788.68,3788.68,7.91,84.9,84.9
MBISO00008B,PH063022022,2022-01-01,S,2469.71,2469.71,2469.71,100.0,100.0,100.0,2469.71,2469.71,2469.71,100.0,100.0,100.0,0.0,2469.71,2469.71,0.0,100.0,100.0
MBISO00008C,PH063022023,2022-01-01,S,1641.31,1641.31,1641.31,93.75,93.75,93.75,0.0,1611.25,1641.31,0.0,92.03,93.75,1570.0,1641.31,1641.31,89.67,93.75,93.75
MBISO00008D,PH063022024,2022-01-01,S,3383.78,3383.78,3383.78,100.0,100.0,100.0,186.89,3383.78,3383.78,5.52,100.0,100.0,0.0,2827.04,3383.78,0.0,83.55,100.0
MBISO00008E,PH063022025,2022-01-01,S,1392.75,1392.75,1392.75,100.0,100.0,100.0,1392.75,1392.75,1392.75,100.0,100.0,100.0,1392.75,1392.75,1392.75,100.0,100.0,100.0
MBISO00008F,PH063022026,2022-01-01,S,2999.66,2999.66,2999.66,100.0,100.0,100.0,2788.91,2999.66,2999.66,92.97,100.0,100.0,0.0,0.0,2999.66,0.0,0.0,100.0
MBISO000090,PH063022028,2022-01-01,S,442.19,442.19,442.19,100.0,100.0,100.0,442.19,442.19,442.19,100.0,100.0,100.0,244.42,442.19,442.19,55.27,100.0,100.0
MBISO000091,PH063022029,2022-01-01,S,1865.68,1865.68,1865.68,91.56,91.56,91.56,0.0,1865.68,1865.68,0.0,91.56,91.56,1390.27,1865.68,1865.68,68.23,91.56,91.56
MBISO000092,PH063022030,2022-01-01,S,951.9,2533.01,2533.01,37.58,100.0,100.0,1558.41,2533.01,2533.01,61.52,100.0,100.0,965.55,2533.01,2533.01,38.12,100.0,100.0
MBISO000093,PH063022031,2022-01-01,S,3959.4,3959.4,3959.4,100.0,100.0,100.0,0.0,3959.4,3959.4,0.0,100.0,100.0,454.08,3959.4,3959.4,11.47,100.0,100.0
MBISO000094,PH063022032,2022-01-01,S,10157.33,10157.33,10157.33,100.0,100.0,100.0,0.0,10157.33,10157.33,0.0,100.0,100.0,1295.04,10157.33,10157.33,12.75,100.0,100.0
MBISO000095,PH063022033,2022-01-01,S,896.2,938.45,938.45,81.19,85.01,85.01,412.6,938.45,938.45,37.38,85.01,85.01,0.0,151.15,938.45,0.0,13.69,85.01
MBISO000096,PH063022034,2022-01-01,S,0.0,0.0,0.0,0.0,0.0,0.0,0.0,0.0,0.0,0.0,0.0,0.0,0.0,0.0,0.0,0.0,0.0,0.0
MBISO000097,PH063022035,2022-01-01,S,1555.21,1555.21,1555.21,100.0,100.0,100.0,1555.21,1555.21,1555.21,100.0,100.0,100.0,1555.21,1555.21,1555.21,100.0,100.0,100.0
MBISO000098,PH063022036,2022-01-01,S,1221.29,1221.29,1221.29,77.35,77.35,77.35,464.37,1221.29,1221.29,29.41,77.35,77.35,1221.29,1221.29,1221.29,77.35,77.35,77.35
MBISO000099,PH063022038,2022-01-01,S,4162.79,4162.79,4162.79,100.0,100.0,100.0,0.0,4162.79,4162.79,0.0,100.0,100.0,4162.79,4162.79,4162.79,100.0,100.0,100.0
MBISO00009A,PH063022040,2022-01-01,S,1832.88,1832.88,1832.88,90.89,90.89,90.89,325.91,1832.88,1832.88,16.16,90.89,90.89,1832.88,1832.88,1832.88,90.89,90.89,90.89
MBISO00009B,PH063022041,2022-01-01,S,6134.38,6134.38,6134.38,93.46,93.46,93.46,997.45,6134.38,6134.38,15.2,93.46,93.46,302.92,6134.38,6134.38,4.62,93.46,93.46
MBISO00009C,PH063022042,2022-01-01,S,822.1,822.1,822.1,100.0,100.0,100.0,822.1,822.1,822.1,100.0,100.0,100.0,822.1,822.1,822.1,100.0,100.0,100.0
MBISO00009D,PH063022043,2022-01-01,S,1003.79,1003.79,1003.79,100.0,100.0,100.0,1003.79,1003.79,1003.79,100.0,100.0,100.0,1003.79,1003.79,1003.79,100.0,100.0,100.0
MBISO00009E,PH063022044,2022-01-01,S,1294.1,1294.1,1294.1,68.04,68.04,68.04,637.38,1294.1,1294.1,33.51,68.04,68.04,0.0,1294.1,1294.1,0.0,68.04,68.04
MBISO00009F,PH063022045,2022-01-01,S,524.15,524.15,524.15,100.0,100.0,100.0,0.0,524.15,524.15,0.0,100.0,100.0,524.15,524.15,524.15,100.0,100.0,100.0
MBISO0000A0,PH063022046,2022-01-01,S,790.32,790.32,790.32,68.16,68.16,68.16,0.0,790.32,790.32,0.0,68.16,68.16,790.32,790.32,790.32,68.16,68.16,68.16
MBISO0000A1,PH063022047,2022-01-01,S,5700.22,5700.22,5700.22,100.0,100.0,100.0,0.0,5700.22,5700.22,0.0,100.0,100.0,736.41,5700.22,5700.22,12.92,100.0,100.0
MBISO0000A2,PH063022048,2022-01-01,S,4155.5,4155.5,4155.5,95.95,95.95,95.95,0.0,4155.5,4155.5,0.0,95.95,95.95,3924.52,4155.5,4155.5,90.61,95.95,95.95
MBISO0000A3,PH063022049,2022-01-01,S,2380.3,2425.87,2425.87,94.9,96.72,96.72,842.35,2425.87,2425.87,33.58,96.72,96.72,439.57,2425.87,2425.87,17.53,96.72,96.72
MBISO0000A4,PH063022050,2022-01-01,S,1988.26,1988.26,1988.26,100.0,100.0,100.0,0.0,1988.26,1988.26,0.0,100.0,100.0,1988.26,1988.26,1988.26,100.0,100.0,100.0
MBISO0000A5,PH063022051,2022-01-01,S,3613.23,3613.23,3613.23,98.13,98.13,98.13,0.0,3613.23,3613.23,0.0,98.13,98.13,3255.78,3613.23,3613.23,88.42,98.13,98.13
MBISO0000A6,PH063022052,2022-01-01,S,3645.77,3645.77,3645.77,100.0,100.0,100.0,3645.77,3645.77,3645.77,100.0,100.0,100.0,3645.77,3645.77,3645.77,100.0,100.0,100.0
MBISO0000A7,PH063022053,2022-01-01,S,255.84,255.84,255.84,100.0,100.0,100.0,255.84,255.84,255.84,100.0,100.0,100.0,255.84,255.84,255.84,100.0,100.0,100.0
MBISO0000A8,PH063022054,2022-01-01,S,973.14,973.14,973.14,100.0,100.0,100.0,973.14,973.14,973.14,100.0,100.0,100.0,475.7,973.14,973.14,48.88,100.0,100.0
MBISO0000A9,PH063022055,2022-01-01,S,2050.54,2050.54,2050.54,100.0,100.0,100.0,2050.54,2050.54,2050.54,100.0,100.0,100.0,451.64,2050.54,2050.54,22.03,100.0,100.0
MBISO0000AA,PH063022056,2022-01-01,S,568.47,568.47,568.47,100.0,100.0,100.0,0.0,568.47,568.47,0.0,100.0,100.0,568.47,568.47,568.47,100.0,100.0,100.0
MBISO0000AB,PH063022057,2022-01-01,S,529.02,529.02,529.02,100.0,100.0,100.0,529.02,529.02,529.02,100.0,100.0,100.0,0.0,529.02,529.02,0.0,100.0,100.0
MBISO0000AC,PH063022060,2022-01-01,S,3203.17,3205.01,3205.01,99.94,100.0,100.0,0.0,3205.01,3205.01,0.0,100.0,100.0,1973.46,3205.01,3205.01,61.57,100.0,100.0
MBISO0000AD,PH063022061,2022-01-01,S,1050.4,1050.4,1050.4,100.0,100.0,100.0,0.0,1050.4,1050.4,0.0,100.0,100.0,1050.4,1050.4,1050.4,100.0,100.0,100.0
MBISO0000AE,PH063022062,2022-01-01,S,555.55,555.55,555.55,88.87,88.87,88.87,555.55,555.55,555.55,88.87,88.87,88.87,0.0,555.55,555.55,0.0,88.87,88.87
MBISO0000AF,PH063022063,2022-01-01,S,2842.2,2842.2,2842.2,100.0,100.0,100.0,943.7,2842.2,2842.2,33.2,100.0,100.0,2842.2,2842.2,2842.2,100.0,100.0,100.0
MBISO0000B0,PH063022064,2022-01-01,S,3253.61,3253.61,3253.61,100.0,100.0,100.0,2864.9,3253.61,3253.61,88.05,100.0,100.0,2843.79,3253.61,3253.61,87.4,100.0,100.0
MBISO0000B1,PH063022065,2022-01-01,S,1885.41,1885.41,1885.41,100.0,100.0,100.0,1885.41,1885.41,1885.41,100.0,100.0,100.0,1885.41,1885.41,1885.41,100.0,100.0,100.0
MBISO0000B2,PH063022067,2022-01-01,S,2588.12,2629.87,2629.87,98.41,100.0,100.0,0.0,2629.87,2629.87,0.0,100.0,100.0,0.0,2629.87,2629.87,0.0,100.0,100.0
MBISO0000B3,PH063022068,2022-01-01,S,940.67,1295.97,1525.84,61.65,84.93,100.0,0.0,1167.72,1525.84,0.0,76.53,100.0,0.0,1107.72,1477.97,0.0,72.6,96.86
MBISO0000B4,PH063022069,2022-01-01,S,768.08,768.08,768.08,79.23,79.23,79.23,768.08,768.08,768.08,79.23,79.23,79.23,0.0,768.08,768.08,0.0,79.23,79.23
MBISO0000B5,PH063022070,2022-01-01,S,458.72,458.72,458.72,92.86,92.86,92.86,458.72,458.72,458.72,92.86,92.86,92.86,38.25,458.72,458.72,7.74,92.86,92.86
MBISO0000B6,PH063022071,2022-01-01,S,1205.79,1205.79,1205.79,62.97,62.97,62.97,1205.79,1205.79,1205.79,62.97,62.97,62.97,1205.79,1205.79,1205.79,62.97,62.97,62.97
MBISO0000B7,PH063022072,2022-01-01,S,4157.68,4157.68,4157.68,100.0,100.0,100.0,0.0,3652.67,4157.68,0.0,87.85,100.0,0.0,4157.68,4157.68,0.0,100.0,100.0
MBISO0000B8,PH063022073,2022-01-01,S,3038.71,3038.71,3038.71,100.0,100.0,100.0,917.42,3038.71,3038.71,30.19,100.0,100.0,3038.71,3038.71,3038.71,100.0,100.0,100.0
MBISO0000B9,PH063022074,2022-01-01,S,636.5,636.5,636.5,29.0,29.0,29.0,636.5,636.5,636.5,29.0,29.0,29.0,0.0,636.5,636.5,0.0,29.0,29.0
MBISO0000BA,PH063022075,2022-01-01,S,153.71,153.71,153.71,100.0,100.0,100.0,153.71,153.71,153.71,100.0,100.0,100.0,0.0,153.71,153.71,0.0,100.0,100.0
MBISO0000BB,PH063022076,2022-01-01,S,311.39,311.39,311.39,100.0,100.0,100.0,311.39,311.39,311.39,100.0,100.0,100.0,311.39,311.39,311.39,100.0,100.0,100.0
MBISO0000BC,PH063022077,2022-01-01,S,2756.83,2756.83,2756.83,83.46,83.46,83.46,2756.83,2756.83,2756.83,83.46,83.46,83.46,2756.83,2756.83,2756.83,83.46,83.46,83.46
MBISO0000BD,PH063022078,2022-01-01,S,157.99,157.99,157.99,40.34,40.34,40.34,69.23,157.99,157.99,17.68,40.34,40.34,157.99,157.99,157.99,40.34,40.34,40.34
MBISO0000BE,PH063022079,2022-01-01,S,1405.53,1405.53,1405.53,95.13,95.13,95.13,1405.53,1405.53,1405.53,95.13,95.13,95.13,1405.53,1405.53,1405.53,95.13,95.13,95.13
MBISO0000BF,PH063022080,2022-01-01,S,688.37,688.37,688.37,83.2,83.2,83.2,688.37,688.37,688.37,83.2,83.2,83.2,688.37,688.37,688.37,83.2,83.2,83.2
MBISO0000C0,PH063022081,2022-01-01,S,241.79,241.79,241.79,95.71,95.71,95.71,241.79,241.79,241.79,95.71,95.71,95.71,0.0,241.79,241.79,0.0,95.71,95.71
MBISO0000C1,PH063022084,2022-01-01,S,3379.26,3379.26,3379.26,100.0,100.0,100.0,3379.26,3379.26,3379.26,100.0,100.0,100.0,2527.06,3379.26,3379.26,74.78,100.0,100.0
MBISO0000C2,PH063022085,2022-01-01,S,170.8,170.8,170.8,100.0,100.0,100.0,170.8,170.8,170.8,100.0,100.0,100.0,170.8,170.8,170.8,100.0,100.0,100.0
MBISO0000C3,PH063022086,2022-01-01,S,3107.93,3833.01,3833.01,81.08,100.0,100.0,94.4,3833.01,3833.01,2.46,100.0,100.0,0.0,0.0,3833.01,0.0,0.0,100.0
MBISO0000C4,PH063022087,2022-01-01,S,3698.09,3698.09,3698.09,100.0,100.0,100.0,0.0,3698.09,3698.09,0.0,100.0,100.0,1199.0,3698.09,3698.09,32.42,100.0,100.0
MBISO0000C5,PH063022088,2022-01-01,S,717.78,717.78,717.78,100.0,100.0,100.0,717.78,717.78,717.78,100.0,100.0,100.0,717.78,717.78,717.78,100.0,100.0,100.0
MBISO0000C6,PH063022089,2022-01-01,S,1157.47,1157.47,1157.47,100.0,100.0,100.0,0.0,1157.47,1157.47,0.0,100.0,100.0,1157.47,1157.47,1157.47,100.0,100.0,100.0
MBISO0000C7,PH063022090,2022-01-01,S,401.39,401.39,401.39,63.51,63.51,63.51,401.39,401.39,401.39,63.51,63.51,63.51,0.0,401.39,401.39,0.0,63.51,63.51
MBISO0000C8,PH063022091,2022-01-01,S,520.35,520.35,520.35,100.0,100.0,100.0,202.9,520.35,520.35,38.99,100.0,100.0,520.35,520.35,520.35,100.0,100.0,100.0
MBISO0000C9,PH063022092,2022-01-01,S,371.75,371.75,371.75,36.64,36.64,36.64,0.0,371.75,371.75,0.0,36.64,36.64,371.75,371.75,371.75,36.64,36.64,36.64
MBISO0000CA,PH063022093,2022-01-01,S,170.97,170.97,170.97,48.79,48.79,48.79,0.0,170.97,170.97,0.0,48.79,48.79,46.95,170.97,170.97,13.4,48.79,48.79
MBISO0000CB,PH063022094,2022-01-01,S,6970.98,7856.98,7856.98,88.04,99.23,99.23,0.0,7856.98,7856.98,0.0,99.23,99.23,0.0,7856.98,7856.98,0.0,99.23,99.23
MBISO0000CC,PH063022095,2022-01-01,S,1821.31,1821.31,1821.31,67.83,67.83,67.83,0.0,1821.31,1821.31,0.0,67.83,67.83,1821.31,1821.31,1821.31,67.83,67.83,67.83
MBISO0000CD,PH063022096,2022-01-01,S,3443.93,3443.93,3443.93,100.0,100.0,100.0,0.0,3443.93,3443.93,0.0,100.0,100.0,3443.93,3443.93,3443.93,100.0,100.0,100.0
MBISO0000CE,PH063022097,2022-01-01,S,481.49,481.49,481.49,100.0,100.0,100.0,481.49,481.49,481.49,100.0,100.0,100.0,0.0,481.49,481.49,0.0,100.0,100.0
MBISO0000CF,PH063022098,2022-01-01,S,2983.81,2983.81,2983.81,95.79,95.79,95.79,0.0,2983.81,2983.81,0.0,95.79,95.79,0.0,2305.71,2983.81,0.0,74.02,95.79
MBISO0000D0,PH063022099,2022-01-01,S,2524.63,2524.63,2524.63,98.9,98.9,98.9,2354.68,2524.63,2524.63,92.24,98.9,98.9,2524.63,2524.63,2524.63,98.9,98.9,98.9
MBISO0000D1,PH063022100,2022-01-01,S,631.65,631.65,631.65,69.05,69.05,69.05,0.0,631.65,631.65,0.0,69.05,69.05,631.65,631.65,631.65,69.05,69.05,69.05
MBISO0000D2,PH063022101,2022-01-01,S,879.2,879.2,879.2,100.0,100.0,100.0,879.2,879.2,879.2,100.0,100.0,100.0,879.2,879.2,879.2,100.0,100.0,100.0
MBISO0000D3,PH063022102,2022-01-01,S,403.62,403.62,403.62,59.62,59.62,59.62,403.62,403.62,403.62,59.62,59.62,59.62,403.62,403.62,403.62,59.62,59.62,59.62
MBISO0000D4,PH063022103,2022-01-01,S,2160.03,2160.03,2160.03,85.87,85.87,85.87,2160.03,2160.03,2160.03,85.87,85.87,85.87,1884.73,2160.03,2160.03,74.93,85.87,85.87
MBISO0000D5,PH063022104,2022-01-01,S,809.05,809.05,809.05,100.0,100.0,100.0,809.05,809.05,809.05,100.0,100.0,100.0,809.05,809.05,809.05,100.0,100.0,100.0
MBISO0000D6,PH063022105,2022-01-01,S,2359.72,2359.72,2359.72,73.75,73.75,73.75,0.0,2359.72,2359.72,0.0,73.75,73.75,0.0,2359.72,2359.72,0.0,73.75,73.75
MBISO0000D7,PH063022106,2022-01-01,S,3218.4,3218.4,3218.4,100.0,100.0,100.0,2721.49,3218.4,3218.4,84.56,100.0,100.0,975.99,3218.4,3218.4,30.33,100.0,100.0
MBISO0000D8,PH063022107,2022-01-01,S,212.79,212.79,212.79,23.39,23.39,23.39,166.67,212.79,212.79,18.32,23.39,23.39,212.79,212.79,212.79,23.39,23.39,23.39
MBISO0000D9,PH063022108,2022-01-01,S,1077.42,1077.42,1077.42,92.27,92.27,92.27,0.0,1077.42,1077.42,0.0,92.27,92.27,0.0,1077.42,1077.42,0.0,92.27,92.27
MBISO0000DA,PH063022109,2022-01-01,S,761.31,761.31,761.31,100.0,100.0,100.0,0.0,761.31,761.31,0.0,100.0,100.0,761.31,761.31,761.31,100.0,100.0,100.0
MBISO0000DB,PH063022110,2022-01-01,S,9717.52,9717.52,9717.52,100.0,100.0,100.0,5256.07,9717.52,9717.52,54.09,100.0,100.0,7602.58,9717.52,9717.52,78.24,100.0,100.0
MBISO0000DC,PH063022112,2022-01-01,S,1638.46,1638.46,1638.46,100.0,100.0,100.0,1638.46,1638.46,1638.46,100.0,100.0,100.0,1089.72,1638.46,1638.46,66.51,100.0,100.0
MBISO0000DD,PH063022113,2022-01-01,S,774.97,774.97,774.97,100.0,100.0,100.0,0.0,774.97,774.97,0.0,100.0,100.0,774.97,774.97,774.97,100.0,100.0,100.0
MBISO0000DE,PH063022114,2022-01-01,S,3297.92,3633.88,3633.88,90.75,100.0,100.0,2980.21,3633.88,3633.88,82.01,100.0,100.0,1854.71,3633.88,3633.88,51.04,100.0,100.0
MBISO0000DF,PH063022115,2022-01-01,S,2450.96,3817.56,3817.56,60.88,94.83,94.83,648.34,3817.56,3817.56,16.11,94.83,94.83,1022.96,3817.56,3817.56,25.41,94.83,94.83
MBISO0000E0,PH063022116,2022-01-01,S,685.31,685.31,685.31,100.0,100.0,100.0,384.38,685.31,685.31,56.09,100.0,100.0,685.31,685.31,685.31,100.0,100.0,100.0
MBISO0000E1,PH063022117,2022-01-01,S,2358.28,2374.21,2374.21,99.33,100.0,100.0,1173.42,2374.21,2374.21,49.42,100.0,100.0,1895.87,2374.21,2374.21,79.85,100.0,100.0
MBISO0000E2,PH063022118,2022-01-01,S,1997.38,1997.38,1997.38,100.0,100.0,100.0,1997.38,1997.38,1997.38,100.0,100.0,100.0,1997.38,1997.38,1997.38,100.0,100.0,100.0
MBISO0000E3,PH063022119,2022-01-01,S,1007.51,1007.51,1007.51,100.0,100.0,100.0,1007.51,1007.51,1007.51,100.0,100.0,100.0,1007.51,1007.51,1007.51,100.0,100.0,100.0
MBISO0000E4,PH063022120,2022-01-01,S,2995.34,2995.34,2995.34,99.95,99.95,99.95,2995.34,2995.34,2995.34,99.95,99.95,99.95,2995.34,2995.34,2995.34,99.95,99.95,99.95
MBISO0000E5,PH063022121,2022-01-01,S,6063.24,6063.24,6063.24,100.0,100.0,100.0,0.0,6063.24,6063.24,0.0,100.0,100.0,0.0,6063.24,6063.24,0.0,100.0,100.0
MBISO0000E6,PH063022122,2022-01-01,S,614.1,614.1,614.1,95.83,95.83,95.83,0.0,614.1,614.1,0.0,95.83,95.83,614.1,614.1,614.1,95.83,95.83,95.83
MBISO0000E7,PH063022123,2022-01-01,S,600.05,600.05,600.05,100.0,100.0,100.0,600.05,600.05,600.05,100.0,100.0,100.0,0.0,600.05,600.05,0.0,100.0,100.0
MBISO0000E8,PH063022124,2022-01-01,S,5934.46,5934.46,5934.46,100.0,100.0,100.0,5934.46,5934.46,5934.46,100.0,100.0,100.0,0.0,5934.46,5934.46,0.0,100.0,100.0
MBISO0000E9,PH063022125,2022-01-01,S,106.77,106.77,106.77,4.14,4.14,4.14,106.77,106.77,106.77,4.14,4.14,4.14,0.0,106.77,106.77,0.0,4.14,4.14
MBISO0000EA,PH063022126,2022-01-01,S,37.17,37.17,37.17,0.85,0.85,0.85,37.17,37.17,37.17,0.85,0.85,0.85,0.0,37.17,37.17,0.0,0.85,0.85
MBISO0000EB,PH063022127,2022-01-01,S,999.07,999.07,999.07,100.0,100.0,100.0,999.07,999.07,999.07,100.0,100.0,100.0,963.72,999.07,999.07,96.46,100.0,100.0
MBISO0000EC,PH063022128,2022-01-01,S,1483.0,1483.0,1483.0,100.0,100.0,100.0,1483.0,1483.0,1483.0,100.0,100.0,100.0,1399.02,1483.0,1483.0,94.34,100.0,100.0
MBISO0000ED,PH063022129,2022-01-01,S,1123.18,1123.18,1123.18,100.0,100.0,100.0,1123.18,1123.18,1123.18,100.0,100.0,100.0,1123.18,1123.18,1123.18,100.0,100.0,100.0
MBISO0000EE,PH063022131,2022-01-01,S,433.98,433.98,433.98,78.11,78.11,78.11,433.98,433.98,433.98,78.11,78.11,78.11,433.98,433.98,433.98,78.11,78.11,78.11
MBISO0000EF,PH063022132,2022-01-01,S,1942.53,1942.53,1942.53,94.06,94.06,94.06,870.56,1942.53,1942.53,42.16,94.06,94.06,1942.53,1942.53,1942.53,94.06,94.06,94.06
MBISO0000F0,PH063022133,2022-01-01,S,785.64,785.64,785.64,100.0,100.0,100.0,785.64,785.64,785.64,100.0,100.0,100.0,785.64,785.64,785.64,100.0,100.0,100.0
MBISO0000F1,PH063022134,2022-01-01,S,2073.7,2073.7,2073.7,100.0,100.0,100.0,0.0,2073.7,2073.7,0.0,100.0,100.0,2073.7,2073.7,2073.7,100.0,100.0,100.0
MBISO0000F2,PH063022135,2022-01-01,S,3951.27,3951.27,3951.27,100.0,100.0,100.0,0.0,3951.27,3951.27,0.0,100.0,100.0,0.0,3951.27,3951.27,0.0,100.0,100.0
MBISO0000F3,PH063022136,2022-01-01,S,76.4,76.4,76.4,8.97,8.97,8.97,45.87,76.4,76.4,5.39,8.97,8.97,0.0,76.4,76.4,0.0,8.97,8.97
MBISO0000F4,PH063022137,2022-01-01,S,2932.85,2932.85,2932.85,100.0,100.0,100.0,2932.85,2932.85,2932.85,100.0,100.0,100.0,0.0,2932.85,2932.85,0.0,100.0,100.0
MBISO0000F5,PH063022138,2022-01-01,S,1110.92,1110.92,1110.92,100.0,100.0,100.0,1110.92,1110.92,1110.92,100.0,100.0,100.0,1110.92,1110.92,1110.92,100.0,100.0,100.0
MBISO0000F6,PH063022139,2022-01-01,S,351.51,351.51,351.51,60.66,60.66,60.66,351.51,351.51,351.51,60.66,60.66,60.66,351.51,351.51,351.51,60.66,60.66,60.66
MBISO0000F7,PH063022140,2022-01-01,S,583.19,583.19,583.19,100.0,100.0,100.0,583.19,583.19,583.19,100.0,100.0,100.0,0.0,583.19,583.19,0.0,100.0,100.0
MBISO0000F8,PH063022144,2022-01-01,S,2669.04,2709.24,2709.24,98.52,100.0,100.0,0.0,2709.24,2709.24,0.0,100.0,100.0,414.07,2709.24,2709.24,15.28,100.0,100.0
MBISO0000F9,PH063022146,2022-01-01,S,392.34,392.34,392.34,75.15,75.15,75.15,392.34,392.34,392.34,75.15,75.15,75.15,0.0,392.34,392.34,0.0,75.15,75.15
MBISO0000FA,PH063022148,2022-01-01,S,1143.16,1143.16,1143.16,98.51,98.51,98.51,1143.16,1143.16,1143.16,98.51,98.51,98.51,0.0,1143.16,1143.16,0.0,98.51,98.51
MBISO0000FB,PH063022149,2022-01-01,S,2228.88,2228.88,2228.88,100.0,100.0,100.0,2228.88,2228.88,2228.88,100.0,100.0,100.0,2228.88,2228.88,2228.88,100.0,100.0,100.0
MBISO0000FC,PH063022150,2022-01-01,S,371.32,371.32,371.32,100.0,100.0,100.0,371.32,371.32,371.32,100.0,100.0,100.0,359.26,371.32,371.32,96.75,100.0,100.0
MBISO0000FD,PH063022151,2022-01-01,S,5993.39,6244.61,6244.61,93.57,97.5,97.5,0.0,6038.93,6244.61,0.0,94.28,97.5,729.11,6244.61,6244.61,11.38,97.5,97.5
MBISO0000FE,PH063022152,2022-01-01,S,1366.77,1366.77,1366.77,100.0,100.0,100.0,0.0,1366.77,1366.77,0.0,100.0,100.0,0.0,1366.77,1366.77,0.0,100.0,100.0
MBISO0000FF,PH063022154,2022-01-01,S,488.08,488.08,488.08,84.0,84.0,84.0,488.08,488.08,488.08,84.0,84.0,84.0,488.08,488.08,488.08,84.0,84.0,84.0
MBISO000100,PH063022155,2022-01-01,S,2096.53,2309.89,2309.89,80.76,88.98,88.98,0.0,2309.89,2309.89,0.0,88.98,88.98,2309.89,2309.89,2309.89,88.98,88.98,88.98
MBISO000101,PH063022156,2022-01-01,S,7158.04,7158.04,7158.04,100.0,100.0,100.0,874.77,7158.04,7158.04,12.22,100.0,100.0,5041.81,7158.04,7158.04,70.44,100.0,100.0
MBISO000102,PH063022157,2022-01-01,S,1318.65,1318.65,1318.65,100.0,100.0,100.0,1318.65,1318.65,1318.65,100.0,100.0,100.0,1318.65,1318.65,1318.65,100.0,100.0,100.0
MBISO000103,PH063022158,2022-01-01,S,1765.12,1765.12,1765.12,84.61,84.61,84.61,1765.12,1765.12,1765.12,84.61,84.61,84.61,1765.12,1765.12,1765.12,84.61,84.61,84.61
MBISO000104,PH063022159,2022-01-01,S,1017.56,1017.56,1017.56,100.0,100.0,100.0,1017.56,1017.56,1017.56,100.0,100.0,100.0,1017.56,1017.56,1017.56,100.0,100.0,100.0
MBISO000105,PH063022160,2022-01-01,S,4256.3,4598.9,4598.9,89.65,96.87,96.87,4501.14,4598.9,4598.9,94.81,96.87,96.87,1420.66,4598.9,4598.9,29.92,96.87,96.87
MBISO000106,PH063022161,2022-01-01,S,478.71,478.71,478.71,100.0,100.0,100.0,0.0,478.71,478.71,0.0,100.0,100.0,0.0,478.71,478.71,0.0,100.0,100.0
MBISO000107,PH063022163,2022-01-01,S,2952.24,2952.24,2952.24,97.42,97.42,97.42,2952.24,2952.24,2952.24,97.42,97.42,97.42,0.0,2952.24,2952.24,0.0,97.42,97.42
MBISO000108,PH063022164,2022-01-01,S,2255.14,2255.14,2255.14,100.0,100.0,100.0,0.0,2255.14,2255.14,0.0,100.0,100.0,2255.14,2255.14,2255.14,100.0,100.0,100.0
MBISO000109,PH063022165,2022-01-01,S,1740.71,1740.71,1740.71,100.0,100.0,100.0,1740.71,1740.71,1740.71,100.0,100.0,100.0,1679.8,1740.71,1740.71,96.5,100.0,100.0
MBISO00010A,PH063022166,2022-01-01,S,1739.34,1739.34,1739.34,100.0,100.0,100.0,0.0,1739.34,1739.34,0.0,100.0,100.0,1739.34,1739.34,1739.34,100.0,100.0,100.0
MBISO00010B,PH063022167,2022-01-01,S,2170.83,2170.83,2170.83,100.0,100.0,100.0,0.0,2170.83,2170.83,0.0,100.0,100.0,2076.93,2170.83,2170.83,95.67,100.0,100.0
MBISO00010C,PH063022168,2022-01-01,S,4247.55,4247.55,4247.55,100.0,100.0,100.0,0.0,2497.57,4247.55,0.0,58.8,100.0,1605.82,4247.55,4247.55,37.81,100.0,100.0
MBISO00010D,PH063022169,2022-01-01,S,1679.99,1679.99,1679.99,100.0,100.0,100.0,0.0,1679.99,1679.99,0.0,100.0,100.0,1679.99,1679.99,1679.99,100.0,100.0,100.0
MBISO00010E,PH063022170,2022-01-01,S,598.05,598.05,598.05,100.0,100.0,100.0,0.0,598.05,598.05,0.0,100.0,100.0,0.0,598.05,598.05,0.0,100.0,100.0
MBISO00010F,PH063022171,2022-01-01,S,4015.31,7395.48,7395.48,54.29,100.0,100.0,82.12,7395.48,7395.48,1.11,100.0,100.0,3484.84,7395.48,7395.48,47.12,100.0,100.0
MBISO000110,PH063022172,2022-01-01,S,2786.18,2786.18,2786.18,53.24,53.24,53.24,1119.54,2786.18,2786.18,21.39,53.24,53.24,1119.54,2786.18,2786.18,21.39,53.24,53.24
MBISO000111,PH063022173,2022-01-01,S,1280.66,1280.66,1280.66,100.0,100.0,100.0,1280.66,1280.66,1280.66,100.0,100.0,100.0,1223.71,1280.66,1280.66,95.55,100.0,100.0
MBISO000112,PH063022174,2022-01-01,S,2195.82,2195.82,2195.82,100.0,100.0,100.0,2195.82,2195.82,2195.82,100.0,100.0,100.0,2195.82,2195.82,2195.82,100.0,100.0,100.0
MBISO000113,PH063022175,2022-01-01,S,8348.71,8348.71,8348.71,100.0,100.0,100.0,1282.34,8348.71,8348.71,15.36,100.0,100.0,0.0,8348.71,8348.71,0.0,100.0,100.0
MBISO000114,PH063022176,2022-01-01,S,1416.18,1416.18,1416.18,100.0,100.0,100.0,1416.18,1416.18,1416.18,100.0,100.0,100.0,1416.18,1416.18,1416.18,100.0,100.0,100.0
MBISO000115,PH063022177,2022-01-01,S,4223.27,5103.25,5103.25,82.76,100.0,100.0,0.0,5103.25,5103.25,0.0,100.0,100.0,0.0,5103.25,5103.25,0.0,100.0,100.0
MBISO000116,PH063022178,2022-01-01,S,3396.95,3396.95,3396.95,91.66,91.66,91.66,3396.95,3396.95,3396.95,91.66,91.66,91.66,3396.95,3396.95,3396.95,91.66,91.66,91.66
MBISO000117,PH063022179,2022-01-01,S,3893.72,3981.48,3981.48,97.8,100.0,100.0,3852.14,3981.48,3981.48,96.75,100.0,100.0,0.0,0.0,3981.48,0.0,0.0,100.0
MBISO000118,PH063022181,2022-01-01,S,441.91,441.91,441.91,87.62,87.62,87.62,441.91,441.91,441.91,87.62,87.62,87.62,441.91,441.91,441.91,87.62,87.62,87.62
MBISO000119,PH063022182,2022-01-01,S,616.11,616.11,616.11,83.41,83.41,83.41,0.0,616.11,616.11,0.0,83.41,83.41,616.11,616.11,616.11,83.41,83.41,83.41
MBISO00011A,PH063022183,2022-01-01,S,5730.19,6293.61,6293.61,81.43,89.43,89.43,0.0,5791.29,6293.61,0.0,82.29,89.43,0.0,6293.61,6293.61,0.0,89.43,89.43
MBISO00011B,PH063022185,2022-01-01,S,274.75,274.75,274.75,58.75,58.75,58.75,274.75,274.75,274.75,58.75,58.75,58.75,274.75,274.75,274.75,58.75,58.75,58.75
MBISO00011C,PH063022186,2022-01-01,S,671.95,671.95,671.95,91.81,91.81,91.81,671.95,671.95,671.95,91.81,91.81,91.81,466.48,671.95,671.95,63.74,91.81,91.81
MBISO00011D,PH063022187,2022-01-01,S,1233.51,1233.51,1233.51,100.0,100.0,100.0,0.0,1233.51,1233.51,0.0,100.0,100.0,0.0,1233.51,1233.51,0.0,100.0,100.0
MBISO00011E,PH063022188,2022-01-01,S,4304.36,4304.36,4304.36,100.0,100.0,100.0,0.0,4304.36,4304.36,0.0,100.0,100.0,4089.68,4304.36,4304.36,95.01,100.0,100.0
MBISO00011F,PH063022189,2022-01-01,S,1223.63,1223.63,1223.63,100.0,100.0,100.0,1223.63,1223.63,1223.63,100.0,100.0,100.0,0.0,1223.63,1223.63,0.0,100.0,100.0
MBISO000120,PH063022191,2022-01-01,S,1185.9,1185.9,1185.9,100.0,100.0,100.0,576.89,1185.9,1185.9,48.65,100.0,100.0,576.89,1185.9,1185.9,48.65,100.0,100.0
MBISO000121,PH063022192,2022-01-01,S,767.68,767.68,767.68,54.46,54.46,54.46,767.68,767.68,767.68,54.46,54.46,54.46,767.68,767.68,767.68,54.46,54.46,54.46
MBISO000122,PH063022193,2022-01-01,S,270.74,270.74,270.74,100.0,100.0,100.0,270.74,270.74,270.74,100.0,100.0,100.0,270.74,270.74,270.74,100.0,100.0,100.0
MBISO000123,PH063022194,2022-01-01,S,4217.25,4217.25,4217.25,90.86,90.86,90.86,0.0,4072.17,4217.25,0.0,87.74,90.86,4072.17,4217.25,4217.25,87.74,90.86,90.86
MBISO000124,PH063022195,2022-01-01,S,2402.18,2402.18,2402.18,100.0,100.0,100.0,0.0,2402.18,2402.18,0.0,100.0,100.0,2402.18,2402.18,2402.18,100.0,100.0,100.0
MBISO000125,PH063022196,2022-01-01,S,2214.53,2214.53,2214.53,97.02,97.02,97.02,2214.53,2214.53,2214.53,97.02,97.02,97.02,1922.34,2214.53,2214.53,84.22,97.02,97.02
MBISO000126,PH063022197,2022-01-01,S,1246.61,1246.61,1246.61,100.0,100.0,100.0,1246.61,1246.61,1246.61,100.0,100.0,100.0,0.0,1246.61,1246.61,0.0,100.0,100.0
MBISO000127,PH063022198,2022-01-01,S,468.69,468.69,468.69,64.92,64.92,64.92,468.69,468.69,468.69,64.92,64.92,64.92,468.69,468.69,468.69,64.92,64.92,64.92
MBISO000128,PH063022199,2022-01-01,S,1749.53,1749.53,1749.53,100.0,100.0,100.0,0.0,1749.53,1749.53,0.0,100.0,100.0,0.0,1749.53,1749.53,0.0,100.0,100.0
MBISO000129,PH063022200,2022-01-01,S,128.99,128.99,128.99,21.33,21.33,21.33,128.99,128.99,128.99,21.33,21.33,21.33,0.0,128.99,128.99,0.0,21.33,21.33
MBISO00012A,PH063022201,2022-01-01,S,4518.7,4518.7,4518.7,100.0,100.0,100.0,1227.54,4518.7,4518.7,27.17,100.0,100.0,1382.7,4518.7,4518.7,30.6,100.0,100.0
MBISO00012B,PH063022202,2022-01-01,S,1179.17,1179.17,1179.17,100.0,100.0,100.0,710.07,1179.17,1179.17,60.22,100.0,100.0,1179.17,1179.17,1179.17,100.0,100.0,100.0
