uuid,date,adm4_pcode,freq,poi_count
OSMPT000012,2018-01-01,PH063022084,Y,22.0
OSMPT000013,2018-01-01,PH063022081,Y,15.0
OSMPT000014,2018-01-01,PH063022178,Y,43.0
OSMPT000015,2018-01-01,PH063022189,Y,46.0
OSMPT000016,2018-01-01,PH063022064,Y,13.0
OSMPT000017,2018-01-01,PH063022033,Y,6.0
OSMPT000018,2018-01-01,PH063022080,Y,9.0
OSMPT000019,2018-01-01,PH063022097,Y,2.0
OSMPT00001A,2018-01-01,PH063022154,Y,8.0
OSMPT00001B,2018-01-01,PH063022041,Y,7.0
OSMPT00001C,2018-01-01,PH063022186,Y,0.0
OSMPT00001D,2018-01-01,PH063022161,Y,1.0
OSMPT00001E,2018-01-01,PH063022023,Y,2.0
OSMPT00001F,2018-01-01,PH063022060,Y,1.0
OSMPT000020,2018-01-01,PH063022159,Y,1.0
OSMPT000021,2018-01-01,PH063022181,Y,7.0
OSMPT000022,2018-01-01,PH063022011,Y,4.0
OSMPT000023,2018-01-01,PH063022043,Y,0.0
OSMPT000024,2018-01-01,PH063022177,Y,8.0
OSMPT000025,2018-01-01,PH063022115,Y,4.0
OSMPT000026,2018-01-01,PH063022071,Y,6.0
OSMPT000027,2018-01-01,PH063022188,Y,4.0
OSMPT000028,2018-01-01,PH063022045,Y,2.0
OSMPT000029,2018-01-01,PH063022168,Y,34.0
OSMPT00002A,2018-01-01,PH063022069,Y,7.0
OSMPT00002B,2018-01-01,PH063022169,Y,3.0
OSMPT00009B,2018-01-01,PH063022124,Y,10.0
OSMPT00009C,2018-01-01,PH063022091,Y,7.0
OSMPT00009D,2018-01-01,PH063022139,Y,14.0
OSMPT00009E,2018-01-01,PH063022117,Y,4.0
OSMPT00009F,2018-01-01,PH063022121,Y,1.0
OSMPT0000A0,2018-01-01,PH063022062,Y,4.0
OSMPT0000A1,2018-01-01,PH063022170,Y,4.0
OSMPT0000A2,2018-01-01,PH063022093,Y,2.0
OSMPT0000A3,2018-01-01,PH063022157,Y,10.0
OSMPT0000A4,2018-01-01,PH063022073,Y,5.0
OSMPT0000A5,2018-01-01,PH063022106,Y,2.0
OSMPT0000A6,2018-01-01,PH063022171,Y,1.0
OSMPT0000A7,2018-01-01,PH063022094,Y,5.0
OSMPT0000A8,2018-01-01,PH063022021,Y,13.0
OSMPT0000A9,2018-01-01,PH063022005,Y,0.0
OSMPT0000AA,2018-01-01,PH063022156,Y,6.0
OSMPT0000AB,2018-01-01,PH063022201,Y,2.0
OSMPT0000AC,2018-01-01,PH063022022,Y,0.0
OSMPT0000AD,2018-01-01,PH063022025,Y,13.0
OSMPT0000AE,2018-01-01,PH063022001,Y,5.0
OSMPT0000AF,2018-01-01,PH063022126,Y,2.0
OSMPT0000B0,2018-01-01,PH063022137,Y,0.0
OSMPT000125,2018-01-01,PH063022118,Y,1.0
OSMPT000126,2018-01-01,PH063022015,Y,8.0
OSMPT000127,2018-01-01,PH063022152,Y,6.0
OSMPT000128,2018-01-01,PH063022040,Y,14.0
OSMPT000129,2018-01-01,PH063022020,Y,2.0
OSMPT00012A,2018-01-01,PH063022109,Y,3.0
OSMPT00012B,2018-01-01,PH063022110,Y,0.0
OSMPT00012C,2018-01-01,PH063022149,Y,1.0
OSMPT00012D,2018-01-01,PH063022052,Y,1.0
OSMPT00012E,2018-01-01,PH063022138,Y,2.0
OSMPT00012F,2018-01-01,PH063022176,Y,7.0
OSMPT000130,2018-01-01,PH063022179,Y,17.0
OSMPT000131,2018-01-01,PH063022054,Y,47.0
OSMPT000132,2018-01-01,PH063022092,Y,1.0
OSMPT000133,2018-01-01,PH063022132,Y,0.0
OSMPT000134,2018-01-01,PH063022085,Y,13.0
OSMPT000135,2018-01-01,PH063022160,Y,105.0
OSMPT000136,2018-01-01,PH063022134,Y,16.0
OSMPT000137,2018-01-01,PH063022035,Y,0.0
OSMPT000138,2018-01-01,PH063022029,Y,1.0
OSMPT000139,2018-01-01,PH063022194,Y,13.0
OSMPT00013A,2018-01-01,PH063022144,Y,16.0
OSMPT00013B,2018-01-01,PH063022095,Y,0.0
OSMPT00013C,2018-01-01,PH063022164,Y,19.0
OSMPT00013D,2018-01-01,PH063022158,Y,6.0
OSMPT00013E,2018-01-01,PH063022197,Y,1.0
OSMPT00013F,2018-01-01,PH063022114,Y,2.0
OSMPT000140,2018-01-01,PH063022183,Y,3.0
OSMPT000141,2018-01-01,PH063022099,Y,24.0
OSMPT000142,2018-01-01,PH063022077,Y,0.0
OSMPT000143,2018-01-01,PH063022123,Y,8.0
OSMPT000144,2018-01-01,PH063022150,Y,13.0
OSMPT000145,2018-01-01,PH063022122,Y,21.0
OSMPT000146,2018-01-01,PH063022038,Y,4.0
OSMPT000147,2018-01-01,PH063022196,Y,4.0
OSMPT000148,2018-01-01,PH063022167,Y,14.0
OSMPT000149,2018-01-01,PH063022182,Y,3.0
OSMPT0001D1,2018-01-01,PH063022034,Y,1.0
OSMPT0001D2,2018-01-01,PH063022074,Y,0.0
OSMPT0001D3,2018-01-01,PH063022014,Y,3.0
OSMPT0001D4,2018-01-01,PH063022030,Y,10.0
OSMPT0001D5,2018-01-01,PH063022024,Y,9.0
OSMPT0001D6,2018-01-01,PH063022199,Y,7.0
OSMPT0001D7,2018-01-01,PH063022175,Y,15.0
OSMPT0001D8,2018-01-01,PH063022119,Y,1.0
OSMPT0001D9,2018-01-01,PH063022112,Y,11.0
OSMPT0001DA,2018-01-01,PH063022048,Y,12.0
OSMPT0001DB,2018-01-01,PH063022018,Y,23.0
OSMPT0001DC,2018-01-01,PH063022068,Y,0.0
OSMPT0001DD,2018-01-01,PH063022108,Y,3.0
OSMPT0001DE,2018-01-01,PH063022125,Y,3.0
OSMPT0001DF,2018-01-01,PH063022174,Y,29.0
OSMPT0001E0,2018-01-01,PH063022105,Y,0.0
OSMPT0001E1,2018-01-01,PH063022098,Y,10.0
OSMPT0001E2,2018-01-01,PH063022053,Y,4.0
OSMPT0001E3,2018-01-01,PH063022010,Y,4.0
OSMPT0001E4,2018-01-01,PH063022116,Y,17.0
OSMPT0001E5,2018-01-01,PH063022079,Y,0.0
OSMPT0001E6,2018-01-01,PH063022055,Y,0.0
OSMPT0001E7,2018-01-01,PH063022042,Y,42.0
OSMPT0001E8,2018-01-01,PH063022127,Y,0.0
OSMPT0001E9,2018-01-01,PH063022187,Y,7.0
OSMPT0001EA,2018-01-01,PH063022063,Y,0.0
OSMPT0001EB,2018-01-01,PH063022148,Y,17.0
OSMPT0001EC,2018-01-01,PH063022155,Y,6.0
OSMPT0001ED,2018-01-01,PH063022165,Y,0.0
OSMPT0001EE,2018-01-01,PH063022032,Y,36.0
OSMPT0001EF,2018-01-01,PH063022012,Y,7.0
OSMPT0001F0,2018-01-01,PH063022131,Y,26.0
OSMPT0001F1,2018-01-01,PH063022102,Y,43.0
OSMPT0001F2,2018-01-01,PH063022172,Y,0.0
OSMPT000261,2018-01-01,PH063022008,Y,9.0
OSMPT000262,2018-01-01,PH063022078,Y,1.0
OSMPT000263,2018-01-01,PH063022193,Y,5.0
OSMPT000264,2018-01-01,PH063022006,Y,5.0
OSMPT000265,2018-01-01,PH063022016,Y,2.0
OSMPT000266,2018-01-01,PH063022026,Y,5.0
OSMPT000267,2018-01-01,PH063022028,Y,7.0
OSMPT000268,2018-01-01,PH063022140,Y,26.0
OSMPT000269,2018-01-01,PH063022113,Y,7.0
OSMPT00026A,2018-01-01,PH063022191,Y,0.0
OSMPT00026B,2018-01-01,PH063022047,Y,6.0
OSMPT00026C,2018-01-01,PH063022136,Y,0.0
OSMPT00026D,2018-01-01,PH063022096,Y,1.0
OSMPT00026E,2018-01-01,PH063022089,Y,0.0
OSMPT00026F,2018-01-01,PH063022100,Y,5.0
OSMPT000270,2018-01-01,PH063022090,Y,12.0
OSMPT000271,2018-01-01,PH063022003,Y,0.0
OSMPT000272,2018-01-01,PH063022195,Y,4.0
OSMPT000273,2018-01-01,PH063022104,Y,0.0
OSMPT000274,2018-01-01,PH063022051,Y,2.0
OSMPT000275,2018-01-01,PH063022065,Y,2.0
OSMPT000276,2018-01-01,PH063022128,Y,1.0
OSMPT000277,2018-01-01,PH063022076,Y,4.0
OSMPT000278,2018-01-01,PH063022056,Y,1.0
OSMPT000279,2018-01-01,PH063022019,Y,11.0
OSMPT00027A,2018-01-01,PH063022129,Y,19.0
OSMPT00027B,2018-01-01,PH063022173,Y,3.0
OSMPT00027C,2018-01-01,PH063022087,Y,1.0
OSMPT00027D,2018-01-01,PH063022101,Y,10.0
OSMPT00027E,2018-01-01,PH063022086,Y,15.0
OSMPT00027F,2018-01-01,PH063022050,Y,13.0
OSMPT0002EE,2018-01-01,PH063022200,Y,8.0
OSMPT0002EF,2018-01-01,PH063022135,Y,27.0
OSMPT0002F0,2018-01-01,PH063022017,Y,3.0
OSMPT0002F1,2018-01-01,PH063022120,Y,20.0
OSMPT0002F2,2018-01-01,PH063022007,Y,9.0
OSMPT0002F3,2018-01-01,PH063022192,Y,2.0
OSMPT0002F4,2018-01-01,PH063022049,Y,0.0
OSMPT0002F5,2018-01-01,PH063022031,Y,12.0
OSMPT0002F6,2018-01-01,PH063022107,Y,17.0
OSMPT0002F7,2018-01-01,PH063022044,Y,10.0
OSMPT0002F8,2018-01-01,PH063022067,Y,7.0
OSMPT0002F9,2018-01-01,PH063022072,Y,11.0
OSMPT0002FA,2018-01-01,PH063022070,Y,13.0
OSMPT0002FB,2018-01-01,PH063022198,Y,13.0
OSMPT0002FC,2018-01-01,PH063022133,Y,0.0
OSMPT0002FD,2018-01-01,PH063022103,Y,13.0
OSMPT0002FE,2018-01-01,PH063022004,Y,8.0
OSMPT0002FF,2018-01-01,PH063022036,Y,1.0
OSMPT000300,2018-01-01,PH063022163,Y,9.0
OSMPT000301,2018-01-01,PH063022009,Y,3.0
OSMPT000302,2018-01-01,PH063022166,Y,2.0
OSMPT000303,2018-01-01,PH063022151,Y,31.0
OSMPT000304,2018-01-01,PH063022046,Y,2.0
OSMPT000305,2018-01-01,PH063022061,Y,1.0
OSMPT000306,2018-01-01,PH063022146,Y,25.0
OSMPT000307,2018-01-01,PH063022185,Y,0.0
OSMPT000308,2018-01-01,PH063022202,Y,5.0
OSMPT000309,2018-01-01,PH063022088,Y,3.0
OSMPT00030A,2018-01-01,PH063022057,Y,24.0
OSMPT00030B,2018-01-01,PH063022075,Y,5.0
OSMPT000381,2020-01-01,PH063022084,Y,25.0
OSMPT000382,2020-01-01,PH063022081,Y,15.0
OSMPT000383,2020-01-01,PH063022178,Y,71.0
OSMPT000384,2020-01-01,PH063022189,Y,36.0
OSMPT000385,2020-01-01,PH063022064,Y,12.0
OSMPT000386,2020-01-01,PH063022033,Y,6.0
OSMPT000387,2020-01-01,PH063022080,Y,9.0
OSMPT000388,2020-01-01,PH063022097,Y,2.0
OSMPT000389,2020-01-01,PH063022154,Y,8.0
OSMPT00038A,2020-01-01,PH063022041,Y,8.0
OSMPT00038B,2020-01-01,PH063022186,Y,0.0
OSMPT00038C,2020-01-01,PH063022161,Y,0.0
OSMPT00038D,2020-01-01,PH063022023,Y,2.0
OSMPT00038E,2020-01-01,PH063022060,Y,3.0
OSMPT00038F,2020-01-01,PH063022159,Y,1.0
OSMPT000390,2020-01-01,PH063022181,Y,7.0
OSMPT000391,2020-01-01,PH063022011,Y,7.0
OSMPT000392,2020-01-01,PH063022043,Y,0.0
OSMPT000393,2020-01-01,PH063022177,Y,10.0
OSMPT000394,2020-01-01,PH063022115,Y,4.0
OSMPT000395,2020-01-01,PH063022071,Y,5.0
OSMPT000396,2020-01-01,PH063022188,Y,3.0
OSMPT000397,2020-01-01,PH063022045,Y,2.0
OSMPT000398,2020-01-01,PH063022168,Y,32.0
OSMPT000399,2020-01-01,PH063022069,Y,5.0
OSMPT00039A,2020-01-01,PH063022169,Y,1.0
OSMPT00040A,2020-01-01,PH063022124,Y,10.0
OSMPT00040B,2020-01-01,PH063022091,Y,9.0
OSMPT00040C,2020-01-01,PH063022139,Y,14.0
OSMPT00040D,2020-01-01,PH063022117,Y,3.0
OSMPT00040E,2020-01-01,PH063022121,Y,13.0
OSMPT00040F,2020-01-01,PH063022062,Y,3.0
OSMPT000410,2020-01-01,PH063022170,Y,4.0
OSMPT000411,2020-01-01,PH063022093,Y,3.0
OSMPT000412,2020-01-01,PH063022157,Y,13.0
OSMPT000413,2020-01-01,PH063022073,Y,5.0
OSMPT000414,2020-01-01,PH063022106,Y,2.0
OSMPT000415,2020-01-01,PH063022171,Y,4.0
OSMPT000416,2020-01-01,PH063022094,Y,5.0
OSMPT000417,2020-01-01,PH063022021,Y,15.0
OSMPT000418,2020-01-01,PH063022005,Y,0.0
OSMPT000419,2020-01-01,PH063022156,Y,7.0
OSMPT00041A,2020-01-01,PH063022201,Y,2.0
OSMPT00041B,2020-01-01,PH063022022,Y,0.0
OSMPT00041C,2020-01-01,PH063022025,Y,23.0
OSMPT00041D,2020-01-01,PH063022001,Y,6.0
OSMPT00041E,2020-01-01,PH063022126,Y,2.0
OSMPT00041F,2020-01-01,PH063022137,Y,2.0
OSMPT000494,2020-01-01,PH063022118,Y,1.0
OSMPT000495,2020-01-01,PH063022015,Y,11.0
OSMPT000496,2020-01-01,PH063022152,Y,8.0
OSMPT000497,2020-01-01,PH063022040,Y,24.0
OSMPT000498,2020-01-01,PH063022020,Y,2.0
OSMPT000499,2020-01-01,PH063022109,Y,3.0
OSMPT00049A,2020-01-01,PH063022110,Y,0.0
OSMPT00049B,2020-01-01,PH063022149,Y,3.0
OSMPT00049C,2020-01-01,PH063022052,Y,1.0
OSMPT00049D,2020-01-01,PH063022138,Y,2.0
OSMPT00049E,2020-01-01,PH063022176,Y,12.0
OSMPT00049F,2020-01-01,PH063022179,Y,25.0
OSMPT0004A0,2020-01-01,PH063022054,Y,50.0
OSMPT0004A1,2020-01-01,PH063022092,Y,2.0
OSMPT0004A2,2020-01-01,PH063022132,Y,3.0
OSMPT0004A3,2020-01-01,PH063022085,Y,17.0
OSMPT0004A4,2020-01-01,PH063022160,Y,118.0
OSMPT0004A5,2020-01-01,PH063022134,Y,17.0
OSMPT0004A6,2020-01-01,PH063022035,Y,0.0
OSMPT0004A7,2020-01-01,PH063022029,Y,1.0
OSMPT0004A8,2020-01-01,PH063022194,Y,13.0
OSMPT0004A9,2020-01-01,PH063022144,Y,25.0
OSMPT0004AA,2020-01-01,PH063022095,Y,1.0
OSMPT0004AB,2020-01-01,PH063022164,Y,22.0
OSMPT0004AC,2020-01-01,PH063022158,Y,5.0
OSMPT0004AD,2020-01-01,PH063022197,Y,1.0
OSMPT0004AE,2020-01-01,PH063022114,Y,5.0
OSMPT0004AF,2020-01-01,PH063022183,Y,3.0
OSMPT0004B0,2020-01-01,PH063022099,Y,18.0
OSMPT0004B1,2020-01-01,PH063022077,Y,0.0
OSMPT0004B2,2020-01-01,PH063022123,Y,8.0
OSMPT0004B3,2020-01-01,PH063022150,Y,11.0
OSMPT0004B4,2020-01-01,PH063022122,Y,46.0
OSMPT0004B5,2020-01-01,PH063022038,Y,10.0
OSMPT0004B6,2020-01-01,PH063022196,Y,8.0
OSMPT0004B7,2020-01-01,PH063022167,Y,14.0
OSMPT0004B8,2020-01-01,PH063022182,Y,11.0
OSMPT000540,2020-01-01,PH063022034,Y,1.0
OSMPT000541,2020-01-01,PH063022074,Y,3.0
OSMPT000542,2020-01-01,PH063022014,Y,3.0
OSMPT000543,2020-01-01,PH063022030,Y,10.0
OSMPT000544,2020-01-01,PH063022024,Y,9.0
OSMPT000545,2020-01-01,PH063022199,Y,7.0
OSMPT000546,2020-01-01,PH063022175,Y,15.0
OSMPT000547,2020-01-01,PH063022119,Y,3.0
OSMPT000548,2020-01-01,PH063022112,Y,23.0
OSMPT000549,2020-01-01,PH063022048,Y,17.0
OSMPT00054A,2020-01-01,PH063022018,Y,27.0
OSMPT00054B,2020-01-01,PH063022068,Y,0.0
OSMPT00054C,2020-01-01,PH063022108,Y,3.0
OSMPT00054D,2020-01-01,PH063022125,Y,3.0
OSMPT00054E,2020-01-01,PH063022174,Y,28.0
OSMPT00054F,2020-01-01,PH063022105,Y,0.0
OSMPT000550,2020-01-01,PH063022098,Y,11.0
OSMPT000551,2020-01-01,PH063022053,Y,5.0
OSMPT000552,2020-01-01,PH063022010,Y,11.0
OSMPT000553,2020-01-01,PH063022116,Y,19.0
OSMPT000554,2020-01-01,PH063022079,Y,0.0
OSMPT000555,2020-01-01,PH063022055,Y,5.0
OSMPT000556,2020-01-01,PH063022042,Y,45.0
OSMPT000557,2020-01-01,PH063022127,Y,0.0
OSMPT000558,2020-01-01,PH063022187,Y,7.0
OSMPT000559,2020-01-01,PH063022063,Y,0.0
OSMPT00055A,2020-01-01,PH063022148,Y,24.0
OSMPT00055B,2020-01-01,PH063022155,Y,13.0
OSMPT00055C,2020-01-01,PH063022165,Y,1.0
OSMPT00055D,2020-01-01,PH063022032,Y,38.0
OSMPT00055E,2020-01-01,PH063022012,Y,7.0
OSMPT00055F,2020-01-01,PH063022131,Y,31.0
OSMPT000560,2020-01-01,PH063022102,Y,45.0
OSMPT000561,2020-01-01,PH063022172,Y,0.0
OSMPT0005D0,2020-01-01,PH063022008,Y,16.0
OSMPT0005D1,2020-01-01,PH063022078,Y,1.0
OSMPT0005D2,2020-01-01,PH063022193,Y,6.0
OSMPT0005D3,2020-01-01,PH063022006,Y,9.0
OSMPT0005D4,2020-01-01,PH063022016,Y,3.0
OSMPT0005D5,2020-01-01,PH063022026,Y,6.0
OSMPT0005D6,2020-01-01,PH063022028,Y,7.0
OSMPT0005D7,2020-01-01,PH063022140,Y,27.0
OSMPT0005D8,2020-01-01,PH063022113,Y,9.0
OSMPT0005D9,2020-01-01,PH063022191,Y,0.0
OSMPT0005DA,2020-01-01,PH063022047,Y,7.0
OSMPT0005DB,2020-01-01,PH063022136,Y,0.0
OSMPT0005DC,2020-01-01,PH063022096,Y,3.0
OSMPT0005DD,2020-01-01,PH063022089,Y,0.0
OSMPT0005DE,2020-01-01,PH063022100,Y,7.0
OSMPT0005DF,2020-01-01,PH063022090,Y,12.0
OSMPT0005E0,2020-01-01,PH063022003,Y,0.0
OSMPT0005E1,2020-01-01,PH063022195,Y,12.0
OSMPT0005E2,2020-01-01,PH063022104,Y,0.0
OSMPT0005E3,2020-01-01,PH063022051,Y,10.0
OSMPT0005E4,2020-01-01,PH063022065,Y,2.0
OSMPT0005E5,2020-01-01,PH063022128,Y,1.0
OSMPT0005E6,2020-01-01,PH063022076,Y,4.0
OSMPT0005E7,2020-01-01,PH063022056,Y,2.0
OSMPT0005E8,2020-01-01,PH063022019,Y,14.0
OSMPT0005E9,2020-01-01,PH063022129,Y,22.0
OSMPT0005EA,2020-01-01,PH063022173,Y,4.0
OSMPT0005EB,2020-01-01,PH063022087,Y,1.0
OSMPT0005EC,2020-01-01,PH063022101,Y,14.0
OSMPT0005ED,2020-01-01,PH063022086,Y,23.0
OSMPT0005EE,2020-01-01,PH063022050,Y,16.0
OSMPT00065D,2020-01-01,PH063022200,Y,8.0
OSMPT00065E,2020-01-01,PH063022135,Y,33.0
OSMPT00065F,2020-01-01,PH063022017,Y,1.0
OSMPT000660,2020-01-01,PH063022120,Y,40.0
OSMPT000661,2020-01-01,PH063022007,Y,9.0
OSMPT000662,2020-01-01,PH063022192,Y,4.0
OSMPT000663,2020-01-01,PH063022049,Y,0.0
OSMPT000664,2020-01-01,PH063022031,Y,18.0
OSMPT000665,2020-01-01,PH063022107,Y,17.0
OSMPT000666,2020-01-01,PH063022044,Y,13.0
OSMPT000667,2020-01-01,PH063022067,Y,18.0
OSMPT000668,2020-01-01,PH063022072,Y,12.0
OSMPT000669,2020-01-01,PH063022070,Y,14.0
OSMPT00066A,2020-01-01,PH063022198,Y,20.0
OSMPT00066B,2020-01-01,PH063022133,Y,1.0
OSMPT00066C,2020-01-01,PH063022103,Y,22.0
OSMPT00066D,2020-01-01,PH063022004,Y,6.0
OSMPT00066E,2020-01-01,PH063022036,Y,1.0
OSMPT00066F,2020-01-01,PH063022163,Y,15.0
OSMPT000670,2020-01-01,PH063022009,Y,10.0
OSMPT000671,2020-01-01,PH063022166,Y,4.0
OSMPT000672,2020-01-01,PH063022151,Y,32.0
OSMPT000673,2020-01-01,PH063022046,Y,12.0
OSMPT000674,2020-01-01,PH063022061,Y,1.0
OSMPT000675,2020-01-01,PH063022146,Y,26.0
OSMPT000676,2020-01-01,PH063022185,Y,0.0
OSMPT000677,2020-01-01,PH063022202,Y,10.0
OSMPT000678,2020-01-01,PH063022088,Y,3.0
OSMPT000679,2020-01-01,PH063022057,Y,24.0
OSMPT00067A,2020-01-01,PH063022075,Y,5.0
OSMPT0006F0,2016-01-01,PH063022084,Y,13.0
OSMPT0006F1,2016-01-01,PH063022081,Y,6.0
OSMPT0006F2,2016-01-01,PH063022178,Y,14.0
OSMPT0006F3,2016-01-01,PH063022189,Y,16.0
OSMPT0006F4,2016-01-01,PH063022064,Y,1.0
OSMPT0006F5,2016-01-01,PH063022033,Y,0.0
OSMPT0006F6,2016-01-01,PH063022080,Y,4.0
OSMPT0006F7,2016-01-01,PH063022097,Y,2.0
OSMPT0006F8,2016-01-01,PH063022154,Y,6.0
OSMPT0006F9,2016-01-01,PH063022041,Y,2.0
OSMPT0006FA,2016-01-01,PH063022186,Y,0.0
OSMPT0006FB,2016-01-01,PH063022161,Y,0.0
OSMPT0006FC,2016-01-01,PH063022023,Y,0.0
OSMPT0006FD,2016-01-01,PH063022060,Y,0.0
OSMPT0006FE,2016-01-01,PH063022159,Y,0.0
OSMPT0006FF,2016-01-01,PH063022181,Y,3.0
OSMPT000700,2016-01-01,PH063022011,Y,1.0
OSMPT000701,2016-01-01,PH063022043,Y,0.0
OSMPT000702,2016-01-01,PH063022177,Y,0.0
OSMPT000703,2016-01-01,PH063022115,Y,0.0
OSMPT000704,2016-01-01,PH063022071,Y,2.0
OSMPT000705,2016-01-01,PH063022188,Y,4.0
OSMPT000706,2016-01-01,PH063022045,Y,0.0
OSMPT000707,2016-01-01,PH063022168,Y,7.0
OSMPT000708,2016-01-01,PH063022069,Y,1.0
OSMPT000709,2016-01-01,PH063022169,Y,1.0
OSMPT000779,2016-01-01,PH063022124,Y,2.0
OSMPT00077A,2016-01-01,PH063022091,Y,5.0
OSMPT00077B,2016-01-01,PH063022139,Y,5.0
OSMPT00077C,2016-01-01,PH063022117,Y,4.0
OSMPT00077D,2016-01-01,PH063022121,Y,0.0
OSMPT00077E,2016-01-01,PH063022062,Y,1.0
OSMPT00077F,2016-01-01,PH063022170,Y,0.0
OSMPT000780,2016-01-01,PH063022093,Y,0.0
OSMPT000781,2016-01-01,PH063022157,Y,6.0
OSMPT000782,2016-01-01,PH063022073,Y,0.0
OSMPT000783,2016-01-01,PH063022106,Y,0.0
OSMPT000784,2016-01-01,PH063022171,Y,0.0
OSMPT000785,2016-01-01,PH063022094,Y,1.0
OSMPT000786,2016-01-01,PH063022021,Y,5.0
OSMPT000787,2016-01-01,PH063022005,Y,0.0
OSMPT000788,2016-01-01,PH063022156,Y,2.0
OSMPT000789,2016-01-01,PH063022201,Y,1.0
OSMPT00078A,2016-01-01,PH063022022,Y,0.0
OSMPT00078B,2016-01-01,PH063022025,Y,1.0
OSMPT00078C,2016-01-01,PH063022001,Y,2.0
OSMPT00078D,2016-01-01,PH063022126,Y,0.0
OSMPT00078E,2016-01-01,PH063022137,Y,0.0
OSMPT000803,2016-01-01,PH063022118,Y,0.0
OSMPT000804,2016-01-01,PH063022015,Y,4.0
OSMPT000805,2016-01-01,PH063022152,Y,0.0
OSMPT000806,2016-01-01,PH063022040,Y,6.0
OSMPT000807,2016-01-01,PH063022020,Y,3.0
OSMPT000808,2016-01-01,PH063022109,Y,0.0
OSMPT000809,2016-01-01,PH063022110,Y,0.0
OSMPT00080A,2016-01-01,PH063022149,Y,1.0
OSMPT00080B,2016-01-01,PH063022052,Y,0.0
OSMPT00080C,2016-01-01,PH063022138,Y,1.0
OSMPT00080D,2016-01-01,PH063022176,Y,3.0
OSMPT00080E,2016-01-01,PH063022179,Y,11.0
OSMPT00080F,2016-01-01,PH063022054,Y,26.0
OSMPT000810,2016-01-01,PH063022092,Y,0.0
OSMPT000811,2016-01-01,PH063022132,Y,0.0
OSMPT000812,2016-01-01,PH063022085,Y,11.0
OSMPT000813,2016-01-01,PH063022160,Y,53.0
OSMPT000814,2016-01-01,PH063022134,Y,4.0
OSMPT000815,2016-01-01,PH063022035,Y,0.0
OSMPT000816,2016-01-01,PH063022029,Y,0.0
OSMPT000817,2016-01-01,PH063022194,Y,9.0
OSMPT000818,2016-01-01,PH063022144,Y,1.0
OSMPT000819,2016-01-01,PH063022095,Y,0.0
OSMPT00081A,2016-01-01,PH063022164,Y,7.0
OSMPT00081B,2016-01-01,PH063022158,Y,4.0
OSMPT00081C,2016-01-01,PH063022197,Y,0.0
OSMPT00081D,2016-01-01,PH063022114,Y,1.0
OSMPT00081E,2016-01-01,PH063022183,Y,2.0
OSMPT00081F,2016-01-01,PH063022099,Y,5.0
OSMPT000820,2016-01-01,PH063022077,Y,0.0
OSMPT000821,2016-01-01,PH063022123,Y,2.0
OSMPT000822,2016-01-01,PH063022150,Y,10.0
OSMPT000823,2016-01-01,PH063022122,Y,13.0
OSMPT000824,2016-01-01,PH063022038,Y,4.0
OSMPT000825,2016-01-01,PH063022196,Y,0.0
OSMPT000826,2016-01-01,PH063022167,Y,1.0
OSMPT000827,2016-01-01,PH063022182,Y,1.0
OSMPT0008AF,2016-01-01,PH063022034,Y,1.0
OSMPT0008B0,2016-01-01,PH063022074,Y,0.0
OSMPT0008B1,2016-01-01,PH063022014,Y,0.0
OSMPT0008B2,2016-01-01,PH063022030,Y,1.0
OSMPT0008B3,2016-01-01,PH063022024,Y,2.0
OSMPT0008B4,2016-01-01,PH063022199,Y,0.0
OSMPT0008B5,2016-01-01,PH063022175,Y,2.0
OSMPT0008B6,2016-01-01,PH063022119,Y,1.0
OSMPT0008B7,2016-01-01,PH063022112,Y,7.0
OSMPT0008B8,2016-01-01,PH063022048,Y,1.0
OSMPT0008B9,2016-01-01,PH063022018,Y,17.0
OSMPT0008BA,2016-01-01,PH063022068,Y,0.0
OSMPT0008BB,2016-01-01,PH063022108,Y,2.0
OSMPT0008BC,2016-01-01,PH063022125,Y,0.0
OSMPT0008BD,2016-01-01,PH063022174,Y,19.0
OSMPT0008BE,2016-01-01,PH063022105,Y,0.0
OSMPT0008BF,2016-01-01,PH063022098,Y,2.0
OSMPT0008C0,2016-01-01,PH063022053,Y,4.0
OSMPT0008C1,2016-01-01,PH063022010,Y,0.0
OSMPT0008C2,2016-01-01,PH063022116,Y,6.0
OSMPT0008C3,2016-01-01,PH063022079,Y,0.0
OSMPT0008C4,2016-01-01,PH063022055,Y,0.0
OSMPT0008C5,2016-01-01,PH063022042,Y,27.0
OSMPT0008C6,2016-01-01,PH063022127,Y,0.0
OSMPT0008C7,2016-01-01,PH063022187,Y,0.0
OSMPT0008C8,2016-01-01,PH063022063,Y,0.0
OSMPT0008C9,2016-01-01,PH063022148,Y,6.0
OSMPT0008CA,2016-01-01,PH063022155,Y,4.0
OSMPT0008CB,2016-01-01,PH063022165,Y,0.0
OSMPT0008CC,2016-01-01,PH063022032,Y,2.0
OSMPT0008CD,2016-01-01,PH063022012,Y,1.0
OSMPT0008CE,2016-01-01,PH063022131,Y,14.0
OSMPT0008CF,2016-01-01,PH063022102,Y,19.0
OSMPT0008D0,2016-01-01,PH063022172,Y,0.0
OSMPT00093F,2016-01-01,PH063022008,Y,7.0
OSMPT000940,2016-01-01,PH063022078,Y,1.0
OSMPT000941,2016-01-01,PH063022193,Y,4.0
OSMPT000942,2016-01-01,PH063022006,Y,1.0
OSMPT000943,2016-01-01,PH063022016,Y,0.0
OSMPT000944,2016-01-01,PH063022026,Y,1.0
OSMPT000945,2016-01-01,PH063022028,Y,3.0
OSMPT000946,2016-01-01,PH063022140,Y,15.0
OSMPT000947,2016-01-01,PH063022113,Y,4.0
OSMPT000948,2016-01-01,PH063022191,Y,0.0
OSMPT000949,2016-01-01,PH063022047,Y,0.0
OSMPT00094A,2016-01-01,PH063022136,Y,0.0
OSMPT00094B,2016-01-01,PH063022096,Y,0.0
OSMPT00094C,2016-01-01,PH063022089,Y,0.0
OSMPT00094D,2016-01-01,PH063022100,Y,2.0
OSMPT00094E,2016-01-01,PH063022090,Y,3.0
OSMPT00094F,2016-01-01,PH063022003,Y,0.0
OSMPT000950,2016-01-01,PH063022195,Y,2.0
OSMPT000951,2016-01-01,PH063022104,Y,0.0
OSMPT000952,2016-01-01,PH063022051,Y,0.0
OSMPT000953,2016-01-01,PH063022065,Y,0.0
OSMPT000954,2016-01-01,PH063022128,Y,0.0
OSMPT000955,2016-01-01,PH063022076,Y,2.0
OSMPT000956,2016-01-01,PH063022056,Y,1.0
OSMPT000957,2016-01-01,PH063022019,Y,5.0
OSMPT000958,2016-01-01,PH063022129,Y,7.0
OSMPT000959,2016-01-01,PH063022173,Y,1.0
OSMPT00095A,2016-01-01,PH063022087,Y,0.0
OSMPT00095B,2016-01-01,PH063022101,Y,3.0
OSMPT00095C,2016-01-01,PH063022086,Y,0.0
OSMPT00095D,2016-01-01,PH063022050,Y,6.0
OSMPT0009CC,2016-01-01,PH063022200,Y,2.0
OSMPT0009CD,2016-01-01,PH063022135,Y,7.0
OSMPT0009CE,2016-01-01,PH063022017,Y,3.0
OSMPT0009CF,2016-01-01,PH063022120,Y,0.0
OSMPT0009D0,2016-01-01,PH063022007,Y,8.0
OSMPT0009D1,2016-01-01,PH063022192,Y,1.0
OSMPT0009D2,2016-01-01,PH063022049,Y,0.0
OSMPT0009D3,2016-01-01,PH063022031,Y,0.0
OSMPT0009D4,2016-01-01,PH063022107,Y,12.0
OSMPT0009D5,2016-01-01,PH063022044,Y,3.0
OSMPT0009D6,2016-01-01,PH063022067,Y,0.0
OSMPT0009D7,2016-01-01,PH063022072,Y,1.0
OSMPT0009D8,2016-01-01,PH063022070,Y,10.0
OSMPT0009D9,2016-01-01,PH063022198,Y,6.0
OSMPT0009DA,2016-01-01,PH063022133,Y,0.0
OSMPT0009DB,2016-01-01,PH063022103,Y,6.0
OSMPT0009DC,2016-01-01,PH063022004,Y,5.0
OSMPT0009DD,2016-01-01,PH063022036,Y,0.0
OSMPT0009DE,2016-01-01,PH063022163,Y,3.0
OSMPT0009DF,2016-01-01,PH063022009,Y,2.0
OSMPT0009E0,2016-01-01,PH063022166,Y,1.0
OSMPT0009E1,2016-01-01,PH063022151,Y,1.0
OSMPT0009E2,2016-01-01,PH063022046,Y,2.0
OSMPT0009E3,2016-01-01,PH063022061,Y,0.0
OSMPT0009E4,2016-01-01,PH063022146,Y,10.0
OSMPT0009E5,2016-01-01,PH063022185,Y,0.0
OSMPT0009E6,2016-01-01,PH063022202,Y,0.0
OSMPT0009E7,2016-01-01,PH063022088,Y,1.0
OSMPT0009E8,2016-01-01,PH063022057,Y,1.0
OSMPT0009E9,2016-01-01,PH063022075,Y,1.0
OSMPT000A5F,2019-01-01,PH063022084,Y,23.0
OSMPT000A60,2019-01-01,PH063022081,Y,14.0
OSMPT000A61,2019-01-01,PH063022178,Y,54.0
OSMPT000A62,2019-01-01,PH063022189,Y,36.0
OSMPT000A63,2019-01-01,PH063022064,Y,12.0
OSMPT000A64,2019-01-01,PH063022033,Y,6.0
OSMPT000A65,2019-01-01,PH063022080,Y,9.0
OSMPT000A66,2019-01-01,PH063022097,Y,2.0
OSMPT000A67,2019-01-01,PH063022154,Y,8.0
OSMPT000A68,2019-01-01,PH063022041,Y,7.0
OSMPT000A69,2019-01-01,PH063022186,Y,0.0
OSMPT000A6A,2019-01-01,PH063022161,Y,0.0
OSMPT000A6B,2019-01-01,PH063022023,Y,2.0
OSMPT000A6C,2019-01-01,PH063022060,Y,1.0
OSMPT000A6D,2019-01-01,PH063022159,Y,1.0
OSMPT000A6E,2019-01-01,PH063022181,Y,7.0
OSMPT000A6F,2019-01-01,PH063022011,Y,7.0
OSMPT000A70,2019-01-01,PH063022043,Y,0.0
OSMPT000A71,2019-01-01,PH063022177,Y,9.0
OSMPT000A72,2019-01-01,PH063022115,Y,4.0
OSMPT000A73,2019-01-01,PH063022071,Y,5.0
OSMPT000A74,2019-01-01,PH063022188,Y,3.0
OSMPT000A75,2019-01-01,PH063022045,Y,2.0
OSMPT000A76,2019-01-01,PH063022168,Y,32.0
OSMPT000A77,2019-01-01,PH063022069,Y,5.0
OSMPT000A78,2019-01-01,PH063022169,Y,1.0
OSMPT000AE8,2019-01-01,PH063022124,Y,10.0
OSMPT000AE9,2019-01-01,PH063022091,Y,9.0
OSMPT000AEA,2019-01-01,PH063022139,Y,14.0
OSMPT000AEB,2019-01-01,PH063022117,Y,3.0
OSMPT000AEC,2019-01-01,PH063022121,Y,11.0
OSMPT000AED,2019-01-01,PH063022062,Y,3.0
OSMPT000AEE,2019-01-01,PH063022170,Y,4.0
OSMPT000AEF,2019-01-01,PH063022093,Y,3.0
OSMPT000AF0,2019-01-01,PH063022157,Y,11.0
OSMPT000AF1,2019-01-01,PH063022073,Y,5.0
OSMPT000AF2,2019-01-01,PH063022106,Y,2.0
OSMPT000AF3,2019-01-01,PH063022171,Y,1.0
OSMPT000AF4,2019-01-01,PH063022094,Y,5.0
OSMPT000AF5,2019-01-01,PH063022021,Y,13.0
OSMPT000AF6,2019-01-01,PH063022005,Y,0.0
OSMPT000AF7,2019-01-01,PH063022156,Y,7.0
OSMPT000AF8,2019-01-01,PH063022201,Y,2.0
OSMPT000AF9,2019-01-01,PH063022022,Y,0.0
OSMPT000AFA,2019-01-01,PH063022025,Y,19.0
OSMPT000AFB,2019-01-01,PH063022001,Y,5.0
OSMPT000AFC,2019-01-01,PH063022126,Y,2.0
OSMPT000AFD,2019-01-01,PH063022137,Y,2.0
OSMPT000B72,2019-01-01,PH063022118,Y,1.0
OSMPT000B73,2019-01-01,PH063022015,Y,7.0
OSMPT000B74,2019-01-01,PH063022152,Y,7.0
OSMPT000B75,2019-01-01,PH063022040,Y,23.0
OSMPT000B76,2019-01-01,PH063022020,Y,2.0
OSMPT000B77,2019-01-01,PH063022109,Y,3.0
OSMPT000B78,2019-01-01,PH063022110,Y,0.0
OSMPT000B79,2019-01-01,PH063022149,Y,1.0
OSMPT000B7A,2019-01-01,PH063022052,Y,1.0
OSMPT000B7B,2019-01-01,PH063022138,Y,2.0
OSMPT000B7C,2019-01-01,PH063022176,Y,10.0
OSMPT000B7D,2019-01-01,PH063022179,Y,22.0
OSMPT000B7E,2019-01-01,PH063022054,Y,50.0
OSMPT000B7F,2019-01-01,PH063022092,Y,2.0
OSMPT000B80,2019-01-01,PH063022132,Y,2.0
OSMPT000B81,2019-01-01,PH063022085,Y,16.0
OSMPT000B82,2019-01-01,PH063022160,Y,112.0
OSMPT000B83,2019-01-01,PH063022134,Y,16.0
OSMPT000B84,2019-01-01,PH063022035,Y,0.0
OSMPT000B85,2019-01-01,PH063022029,Y,1.0
OSMPT000B86,2019-01-01,PH063022194,Y,13.0
OSMPT000B87,2019-01-01,PH063022144,Y,21.0
OSMPT000B88,2019-01-01,PH063022095,Y,1.0
OSMPT000B89,2019-01-01,PH063022164,Y,20.0
OSMPT000B8A,2019-01-01,PH063022158,Y,5.0
OSMPT000B8B,2019-01-01,PH063022197,Y,1.0
OSMPT000B8C,2019-01-01,PH063022114,Y,2.0
OSMPT000B8D,2019-01-01,PH063022183,Y,3.0
OSMPT000B8E,2019-01-01,PH063022099,Y,18.0
OSMPT000B8F,2019-01-01,PH063022077,Y,0.0
OSMPT000B90,2019-01-01,PH063022123,Y,8.0
OSMPT000B91,2019-01-01,PH063022150,Y,11.0
OSMPT000B92,2019-01-01,PH063022122,Y,46.0
OSMPT000B93,2019-01-01,PH063022038,Y,10.0
OSMPT000B94,2019-01-01,PH063022196,Y,7.0
OSMPT000B95,2019-01-01,PH063022167,Y,14.0
OSMPT000B96,2019-01-01,PH063022182,Y,6.0
OSMPT000C1E,2019-01-01,PH063022034,Y,1.0
OSMPT000C1F,2019-01-01,PH063022074,Y,3.0
OSMPT000C20,2019-01-01,PH063022014,Y,3.0
OSMPT000C21,2019-01-01,PH063022030,Y,11.0
OSMPT000C22,2019-01-01,PH063022024,Y,9.0
OSMPT000C23,2019-01-01,PH063022199,Y,7.0
OSMPT000C24,2019-01-01,PH063022175,Y,16.0
OSMPT000C25,2019-01-01,PH063022119,Y,2.0
OSMPT000C26,2019-01-01,PH063022112,Y,10.0
OSMPT000C27,2019-01-01,PH063022048,Y,13.0
OSMPT000C28,2019-01-01,PH063022018,Y,27.0
OSMPT000C29,2019-01-01,PH063022068,Y,0.0
OSMPT000C2A,2019-01-01,PH063022108,Y,2.0
OSMPT000C2B,2019-01-01,PH063022125,Y,3.0
OSMPT000C2C,2019-01-01,PH063022174,Y,28.0
OSMPT000C2D,2019-01-01,PH063022105,Y,0.0
OSMPT000C2E,2019-01-01,PH063022098,Y,10.0
OSMPT000C2F,2019-01-01,PH063022053,Y,5.0
OSMPT000C30,2019-01-01,PH063022010,Y,8.0
OSMPT000C31,2019-01-01,PH063022116,Y,18.0
OSMPT000C32,2019-01-01,PH063022079,Y,0.0
OSMPT000C33,2019-01-01,PH063022055,Y,5.0
OSMPT000C34,2019-01-01,PH063022042,Y,44.0
OSMPT000C35,2019-01-01,PH063022127,Y,0.0
OSMPT000C36,2019-01-01,PH063022187,Y,6.0
OSMPT000C37,2019-01-01,PH063022063,Y,0.0
OSMPT000C38,2019-01-01,PH063022148,Y,23.0
OSMPT000C39,2019-01-01,PH063022155,Y,8.0
OSMPT000C3A,2019-01-01,PH063022165,Y,0.0
OSMPT000C3B,2019-01-01,PH063022032,Y,29.0
OSMPT000C3C,2019-01-01,PH063022012,Y,7.0
OSMPT000C3D,2019-01-01,PH063022131,Y,30.0
OSMPT000C3E,2019-01-01,PH063022102,Y,46.0
OSMPT000C3F,2019-01-01,PH063022172,Y,0.0
OSMPT000CAE,2019-01-01,PH063022008,Y,13.0
OSMPT000CAF,2019-01-01,PH063022078,Y,1.0
OSMPT000CB0,2019-01-01,PH063022193,Y,6.0
OSMPT000CB1,2019-01-01,PH063022006,Y,6.0
OSMPT000CB2,2019-01-01,PH063022016,Y,3.0
OSMPT000CB3,2019-01-01,PH063022026,Y,5.0
OSMPT000CB4,2019-01-01,PH063022028,Y,7.0
OSMPT000CB5,2019-01-01,PH063022140,Y,27.0
OSMPT000CB6,2019-01-01,PH063022113,Y,7.0
OSMPT000CB7,2019-01-01,PH063022191,Y,0.0
OSMPT000CB8,2019-01-01,PH063022047,Y,6.0
OSMPT000CB9,2019-01-01,PH063022136,Y,0.0
OSMPT000CBA,2019-01-01,PH063022096,Y,3.0
OSMPT000CBB,2019-01-01,PH063022089,Y,0.0
OSMPT000CBC,2019-01-01,PH063022100,Y,7.0
OSMPT000CBD,2019-01-01,PH063022090,Y,12.0
OSMPT000CBE,2019-01-01,PH063022003,Y,0.0
OSMPT000CBF,2019-01-01,PH063022195,Y,9.0
OSMPT000CC0,2019-01-01,PH063022104,Y,0.0
OSMPT000CC1,2019-01-01,PH063022051,Y,10.0
OSMPT000CC2,2019-01-01,PH063022065,Y,2.0
OSMPT000CC3,2019-01-01,PH063022128,Y,1.0
OSMPT000CC4,2019-01-01,PH063022076,Y,4.0
OSMPT000CC5,2019-01-01,PH063022056,Y,2.0
OSMPT000CC6,2019-01-01,PH063022019,Y,13.0
OSMPT000CC7,2019-01-01,PH063022129,Y,21.0
OSMPT000CC8,2019-01-01,PH063022173,Y,4.0
OSMPT000CC9,2019-01-01,PH063022087,Y,1.0
OSMPT000CCA,2019-01-01,PH063022101,Y,9.0
OSMPT000CCB,2019-01-01,PH063022086,Y,19.0
OSMPT000CCC,2019-01-01,PH063022050,Y,15.0
OSMPT000D3B,2019-01-01,PH063022200,Y,8.0
OSMPT000D3C,2019-01-01,PH063022135,Y,31.0
OSMPT000D3D,2019-01-01,PH063022017,Y,1.0
OSMPT000D3E,2019-01-01,PH063022120,Y,21.0
OSMPT000D3F,2019-01-01,PH063022007,Y,9.0
OSMPT000D40,2019-01-01,PH063022192,Y,4.0
OSMPT000D41,2019-01-01,PH063022049,Y,0.0
OSMPT000D42,2019-01-01,PH063022031,Y,16.0
OSMPT000D43,2019-01-01,PH063022107,Y,15.0
OSMPT000D44,2019-01-01,PH063022044,Y,13.0
OSMPT000D45,2019-01-01,PH063022067,Y,18.0
OSMPT000D46,2019-01-01,PH063022072,Y,11.0
OSMPT000D47,2019-01-01,PH063022070,Y,14.0
OSMPT000D48,2019-01-01,PH063022198,Y,19.0
OSMPT000D49,2019-01-01,PH063022133,Y,1.0
OSMPT000D4A,2019-01-01,PH063022103,Y,22.0
OSMPT000D4B,2019-01-01,PH063022004,Y,6.0
OSMPT000D4C,2019-01-01,PH063022036,Y,1.0
OSMPT000D4D,2019-01-01,PH063022163,Y,14.0
OSMPT000D4E,2019-01-01,PH063022009,Y,3.0
OSMPT000D4F,2019-01-01,PH063022166,Y,4.0
OSMPT000D50,2019-01-01,PH063022151,Y,32.0
OSMPT000D51,2019-01-01,PH063022046,Y,12.0
OSMPT000D52,2019-01-01,PH063022061,Y,1.0
OSMPT000D53,2019-01-01,PH063022146,Y,25.0
OSMPT000D54,2019-01-01,PH063022185,Y,0.0
OSMPT000D55,2019-01-01,PH063022202,Y,10.0
OSMPT000D56,2019-01-01,PH063022088,Y,3.0
OSMPT000D57,2019-01-01,PH063022057,Y,24.0
OSMPT000D58,2019-01-01,PH063022075,Y,5.0
OSMPT000DCE,2021-01-01,PH063022084,Y,27.0
OSMPT000DCF,2021-01-01,PH063022081,Y,15.0
OSMPT000DD0,2021-01-01,PH063022178,Y,72.0
OSMPT000DD1,2021-01-01,PH063022189,Y,36.0
OSMPT000DD2,2021-01-01,PH063022064,Y,12.0
OSMPT000DD3,2021-01-01,PH063022033,Y,6.0
OSMPT000DD4,2021-01-01,PH063022080,Y,9.0
OSMPT000DD5,2021-01-01,PH063022097,Y,2.0
OSMPT000DD6,2021-01-01,PH063022154,Y,8.0
OSMPT000DD7,2021-01-01,PH063022041,Y,12.0
OSMPT000DD8,2021-01-01,PH063022186,Y,0.0
OSMPT000DD9,2021-01-01,PH063022161,Y,0.0
OSMPT000DDA,2021-01-01,PH063022023,Y,2.0
OSMPT000DDB,2021-01-01,PH063022060,Y,3.0
OSMPT000DDC,2021-01-01,PH063022159,Y,1.0
OSMPT000DDD,2021-01-01,PH063022181,Y,8.0
OSMPT000DDE,2021-01-01,PH063022011,Y,7.0
OSMPT000DDF,2021-01-01,PH063022043,Y,0.0
OSMPT000DE0,2021-01-01,PH063022177,Y,11.0
OSMPT000DE1,2021-01-01,PH063022115,Y,4.0
OSMPT000DE2,2021-01-01,PH063022071,Y,5.0
OSMPT000DE3,2021-01-01,PH063022188,Y,4.0
OSMPT000DE4,2021-01-01,PH063022045,Y,2.0
OSMPT000DE5,2021-01-01,PH063022168,Y,37.0
OSMPT000DE6,2021-01-01,PH063022069,Y,6.0
OSMPT000DE7,2021-01-01,PH063022169,Y,0.0
OSMPT000E57,2021-01-01,PH063022124,Y,9.0
OSMPT000E58,2021-01-01,PH063022091,Y,10.0
OSMPT000E59,2021-01-01,PH063022139,Y,14.0
OSMPT000E5A,2021-01-01,PH063022117,Y,3.0
OSMPT000E5B,2021-01-01,PH063022121,Y,18.0
OSMPT000E5C,2021-01-01,PH063022062,Y,4.0
OSMPT000E5D,2021-01-01,PH063022170,Y,4.0
OSMPT000E5E,2021-01-01,PH063022093,Y,3.0
OSMPT000E5F,2021-01-01,PH063022157,Y,13.0
OSMPT000E60,2021-01-01,PH063022073,Y,3.0
OSMPT000E61,2021-01-01,PH063022106,Y,2.0
OSMPT000E62,2021-01-01,PH063022171,Y,4.0
OSMPT000E63,2021-01-01,PH063022094,Y,5.0
OSMPT000E64,2021-01-01,PH063022021,Y,15.0
OSMPT000E65,2021-01-01,PH063022005,Y,0.0
OSMPT000E66,2021-01-01,PH063022156,Y,7.0
OSMPT000E67,2021-01-01,PH063022201,Y,2.0
OSMPT000E68,2021-01-01,PH063022022,Y,0.0
OSMPT000E69,2021-01-01,PH063022025,Y,22.0
OSMPT000E6A,2021-01-01,PH063022001,Y,5.0
OSMPT000E6B,2021-01-01,PH063022126,Y,2.0
OSMPT000E6C,2021-01-01,PH063022137,Y,2.0
OSMPT000EE1,2021-01-01,PH063022118,Y,1.0
OSMPT000EE2,2021-01-01,PH063022015,Y,11.0
OSMPT000EE3,2021-01-01,PH063022152,Y,8.0
OSMPT000EE4,2021-01-01,PH063022040,Y,31.0
OSMPT000EE5,2021-01-01,PH063022020,Y,2.0
OSMPT000EE6,2021-01-01,PH063022109,Y,3.0
OSMPT000EE7,2021-01-01,PH063022110,Y,0.0
OSMPT000EE8,2021-01-01,PH063022149,Y,3.0
OSMPT000EE9,2021-01-01,PH063022052,Y,1.0
OSMPT000EEA,2021-01-01,PH063022138,Y,2.0
OSMPT000EEB,2021-01-01,PH063022176,Y,12.0
OSMPT000EEC,2021-01-01,PH063022179,Y,25.0
OSMPT000EED,2021-01-01,PH063022054,Y,52.0
OSMPT000EEE,2021-01-01,PH063022092,Y,2.0
OSMPT000EEF,2021-01-01,PH063022132,Y,2.0
OSMPT000EF0,2021-01-01,PH063022085,Y,17.0
OSMPT000EF1,2021-01-01,PH063022160,Y,114.0
OSMPT000EF2,2021-01-01,PH063022134,Y,20.0
OSMPT000EF3,2021-01-01,PH063022035,Y,0.0
OSMPT000EF4,2021-01-01,PH063022029,Y,1.0
OSMPT000EF5,2021-01-01,PH063022194,Y,22.0
OSMPT000EF6,2021-01-01,PH063022144,Y,26.0
OSMPT000EF7,2021-01-01,PH063022095,Y,1.0
OSMPT000EF8,2021-01-01,PH063022164,Y,22.0
OSMPT000EF9,2021-01-01,PH063022158,Y,6.0
OSMPT000EFA,2021-01-01,PH063022197,Y,1.0
OSMPT000EFB,2021-01-01,PH063022114,Y,6.0
OSMPT000EFC,2021-01-01,PH063022183,Y,2.0
OSMPT000EFD,2021-01-01,PH063022099,Y,21.0
OSMPT000EFE,2021-01-01,PH063022077,Y,0.0
OSMPT000EFF,2021-01-01,PH063022123,Y,8.0
OSMPT000F00,2021-01-01,PH063022150,Y,11.0
OSMPT000F01,2021-01-01,PH063022122,Y,45.0
OSMPT000F02,2021-01-01,PH063022038,Y,10.0
OSMPT000F03,2021-01-01,PH063022196,Y,8.0
OSMPT000F04,2021-01-01,PH063022167,Y,15.0
OSMPT000F05,2021-01-01,PH063022182,Y,11.0
OSMPT000F8D,2021-01-01,PH063022034,Y,1.0
OSMPT000F8E,2021-01-01,PH063022074,Y,3.0
OSMPT000F8F,2021-01-01,PH063022014,Y,3.0
OSMPT000F90,2021-01-01,PH063022030,Y,10.0
OSMPT000F91,2021-01-01,PH063022024,Y,17.0
OSMPT000F92,2021-01-01,PH063022199,Y,7.0
OSMPT000F93,2021-01-01,PH063022175,Y,18.0
OSMPT000F94,2021-01-01,PH063022119,Y,3.0
OSMPT000F95,2021-01-01,PH063022112,Y,26.0
OSMPT000F96,2021-01-01,PH063022048,Y,17.0
OSMPT000F97,2021-01-01,PH063022018,Y,21.0
OSMPT000F98,2021-01-01,PH063022068,Y,0.0
OSMPT000F99,2021-01-01,PH063022108,Y,3.0
OSMPT000F9A,2021-01-01,PH063022125,Y,3.0
OSMPT000F9B,2021-01-01,PH063022174,Y,45.0
OSMPT000F9C,2021-01-01,PH063022105,Y,0.0
OSMPT000F9D,2021-01-01,PH063022098,Y,17.0
OSMPT000F9E,2021-01-01,PH063022053,Y,12.0
OSMPT000F9F,2021-01-01,PH063022010,Y,13.0
OSMPT000FA0,2021-01-01,PH063022116,Y,19.0
OSMPT000FA1,2021-01-01,PH063022079,Y,0.0
OSMPT000FA2,2021-01-01,PH063022055,Y,5.0
OSMPT000FA3,2021-01-01,PH063022042,Y,48.0
OSMPT000FA4,2021-01-01,PH063022127,Y,0.0
OSMPT000FA5,2021-01-01,PH063022187,Y,7.0
OSMPT000FA6,2021-01-01,PH063022063,Y,0.0
OSMPT000FA7,2021-01-01,PH063022148,Y,25.0
OSMPT000FA8,2021-01-01,PH063022155,Y,12.0
OSMPT000FA9,2021-01-01,PH063022165,Y,4.0
OSMPT000FAA,2021-01-01,PH063022032,Y,37.0
OSMPT000FAB,2021-01-01,PH063022012,Y,7.0
OSMPT000FAC,2021-01-01,PH063022131,Y,31.0
OSMPT000FAD,2021-01-01,PH063022102,Y,45.0
OSMPT000FAE,2021-01-01,PH063022172,Y,0.0
OSMPT00101D,2021-01-01,PH063022008,Y,16.0
OSMPT00101E,2021-01-01,PH063022078,Y,1.0
OSMPT00101F,2021-01-01,PH063022193,Y,7.0
OSMPT001020,2021-01-01,PH063022006,Y,11.0
OSMPT001021,2021-01-01,PH063022016,Y,3.0
OSMPT001022,2021-01-01,PH063022026,Y,6.0
OSMPT001023,2021-01-01,PH063022028,Y,7.0
OSMPT001024,2021-01-01,PH063022140,Y,28.0
OSMPT001025,2021-01-01,PH063022113,Y,9.0
OSMPT001026,2021-01-01,PH063022191,Y,1.0
OSMPT001027,2021-01-01,PH063022047,Y,7.0
OSMPT001028,2021-01-01,PH063022136,Y,0.0
OSMPT001029,2021-01-01,PH063022096,Y,2.0
OSMPT00102A,2021-01-01,PH063022089,Y,0.0
OSMPT00102B,2021-01-01,PH063022100,Y,7.0
OSMPT00102C,2021-01-01,PH063022090,Y,11.0
OSMPT00102D,2021-01-01,PH063022003,Y,0.0
OSMPT00102E,2021-01-01,PH063022195,Y,12.0
OSMPT00102F,2021-01-01,PH063022104,Y,0.0
OSMPT001030,2021-01-01,PH063022051,Y,10.0
OSMPT001031,2021-01-01,PH063022065,Y,2.0
OSMPT001032,2021-01-01,PH063022128,Y,1.0
OSMPT001033,2021-01-01,PH063022076,Y,4.0
OSMPT001034,2021-01-01,PH063022056,Y,2.0
OSMPT001035,2021-01-01,PH063022019,Y,16.0
OSMPT001036,2021-01-01,PH063022129,Y,21.0
OSMPT001037,2021-01-01,PH063022173,Y,4.0
OSMPT001038,2021-01-01,PH063022087,Y,1.0
OSMPT001039,2021-01-01,PH063022101,Y,14.0
OSMPT00103A,2021-01-01,PH063022086,Y,21.0
OSMPT00103B,2021-01-01,PH063022050,Y,15.0
OSMPT0010AA,2021-01-01,PH063022200,Y,10.0
OSMPT0010AB,2021-01-01,PH063022135,Y,34.0
OSMPT0010AC,2021-01-01,PH063022017,Y,1.0
OSMPT0010AD,2021-01-01,PH063022120,Y,42.0
OSMPT0010AE,2021-01-01,PH063022007,Y,9.0
OSMPT0010AF,2021-01-01,PH063022192,Y,4.0
OSMPT0010B0,2021-01-01,PH063022049,Y,0.0
OSMPT0010B1,2021-01-01,PH063022031,Y,28.0
OSMPT0010B2,2021-01-01,PH063022107,Y,18.0
OSMPT0010B3,2021-01-01,PH063022044,Y,15.0
OSMPT0010B4,2021-01-01,PH063022067,Y,21.0
OSMPT0010B5,2021-01-01,PH063022072,Y,10.0
OSMPT0010B6,2021-01-01,PH063022070,Y,14.0
OSMPT0010B7,2021-01-01,PH063022198,Y,20.0
OSMPT0010B8,2021-01-01,PH063022133,Y,1.0
OSMPT0010B9,2021-01-01,PH063022103,Y,27.0
OSMPT0010BA,2021-01-01,PH063022004,Y,5.0
OSMPT0010BB,2021-01-01,PH063022036,Y,1.0
OSMPT0010BC,2021-01-01,PH063022163,Y,17.0
OSMPT0010BD,2021-01-01,PH063022009,Y,10.0
OSMPT0010BE,2021-01-01,PH063022166,Y,8.0
OSMPT0010BF,2021-01-01,PH063022151,Y,34.0
OSMPT0010C0,2021-01-01,PH063022046,Y,11.0
OSMPT0010C1,2021-01-01,PH063022061,Y,2.0
OSMPT0010C2,2021-01-01,PH063022146,Y,26.0
OSMPT0010C3,2021-01-01,PH063022185,Y,0.0
OSMPT0010C4,2021-01-01,PH063022202,Y,10.0
OSMPT0010C5,2021-01-01,PH063022088,Y,3.0
OSMPT0010C6,2021-01-01,PH063022057,Y,24.0
OSMPT0010C7,2021-01-01,PH063022075,Y,6.0
OSMPT00113D,2014-01-01,PH063022084,Y,6.0
OSMPT00113E,2014-01-01,PH063022081,Y,3.0
OSMPT00113F,2014-01-01,PH063022178,Y,3.0
OSMPT001140,2014-01-01,PH063022189,Y,10.0
OSMPT001141,2014-01-01,PH063022064,Y,0.0
OSMPT001142,2014-01-01,PH063022033,Y,0.0
OSMPT001143,2014-01-01,PH063022080,Y,2.0
OSMPT001144,2014-01-01,PH063022097,Y,0.0
OSMPT001145,2014-01-01,PH063022154,Y,2.0
OSMPT001146,2014-01-01,PH063022041,Y,3.0
OSMPT001147,2014-01-01,PH063022186,Y,0.0
OSMPT001148,2014-01-01,PH063022161,Y,0.0
OSMPT001149,2014-01-01,PH063022023,Y,0.0
OSMPT00114A,2014-01-01,PH063022060,Y,0.0
OSMPT00114B,2014-01-01,PH063022159,Y,0.0
OSMPT00114C,2014-01-01,PH063022181,Y,2.0
OSMPT00114D,2014-01-01,PH063022011,Y,2.0
OSMPT00114E,2014-01-01,PH063022043,Y,0.0
OSMPT00114F,2014-01-01,PH063022177,Y,0.0
OSMPT001150,2014-01-01,PH063022115,Y,0.0
OSMPT001151,2014-01-01,PH063022071,Y,2.0
OSMPT001152,2014-01-01,PH063022188,Y,4.0
OSMPT001153,2014-01-01,PH063022045,Y,0.0
OSMPT001154,2014-01-01,PH063022168,Y,10.0
OSMPT001155,2014-01-01,PH063022069,Y,1.0
OSMPT001156,2014-01-01,PH063022169,Y,1.0
OSMPT0011C6,2014-01-01,PH063022124,Y,1.0
OSMPT0011C7,2014-01-01,PH063022091,Y,3.0
OSMPT0011C8,2014-01-01,PH063022139,Y,3.0
OSMPT0011C9,2014-01-01,PH063022117,Y,2.0
OSMPT0011CA,2014-01-01,PH063022121,Y,0.0
OSMPT0011CB,2014-01-01,PH063022062,Y,1.0
OSMPT0011CC,2014-01-01,PH063022170,Y,0.0
OSMPT0011CD,2014-01-01,PH063022093,Y,0.0
OSMPT0011CE,2014-01-01,PH063022157,Y,4.0
OSMPT0011CF,2014-01-01,PH063022073,Y,0.0
OSMPT0011D0,2014-01-01,PH063022106,Y,0.0
OSMPT0011D1,2014-01-01,PH063022171,Y,0.0
OSMPT0011D2,2014-01-01,PH063022094,Y,1.0
OSMPT0011D3,2014-01-01,PH063022021,Y,4.0
OSMPT0011D4,2014-01-01,PH063022005,Y,0.0
OSMPT0011D5,2014-01-01,PH063022156,Y,2.0
OSMPT0011D6,2014-01-01,PH063022201,Y,1.0
OSMPT0011D7,2014-01-01,PH063022022,Y,0.0
OSMPT0011D8,2014-01-01,PH063022025,Y,0.0
OSMPT0011D9,2014-01-01,PH063022001,Y,2.0
OSMPT0011DA,2014-01-01,PH063022126,Y,0.0
OSMPT0011DB,2014-01-01,PH063022137,Y,0.0
OSMPT001250,2014-01-01,PH063022118,Y,0.0
OSMPT001251,2014-01-01,PH063022015,Y,5.0
OSMPT001252,2014-01-01,PH063022152,Y,0.0
OSMPT001253,2014-01-01,PH063022040,Y,4.0
OSMPT001254,2014-01-01,PH063022020,Y,0.0
OSMPT001255,2014-01-01,PH063022109,Y,0.0
OSMPT001256,2014-01-01,PH063022110,Y,0.0
OSMPT001257,2014-01-01,PH063022149,Y,0.0
OSMPT001258,2014-01-01,PH063022052,Y,0.0
OSMPT001259,2014-01-01,PH063022138,Y,1.0
OSMPT00125A,2014-01-01,PH063022176,Y,3.0
OSMPT00125B,2014-01-01,PH063022179,Y,6.0
OSMPT00125C,2014-01-01,PH063022054,Y,26.0
OSMPT00125D,2014-01-01,PH063022092,Y,0.0
OSMPT00125E,2014-01-01,PH063022132,Y,0.0
OSMPT00125F,2014-01-01,PH063022085,Y,4.0
OSMPT001260,2014-01-01,PH063022160,Y,19.0
OSMPT001261,2014-01-01,PH063022134,Y,1.0
OSMPT001262,2014-01-01,PH063022035,Y,0.0
OSMPT001263,2014-01-01,PH063022029,Y,0.0
OSMPT001264,2014-01-01,PH063022194,Y,2.0
OSMPT001265,2014-01-01,PH063022144,Y,0.0
OSMPT001266,2014-01-01,PH063022095,Y,0.0
OSMPT001267,2014-01-01,PH063022164,Y,1.0
OSMPT001268,2014-01-01,PH063022158,Y,3.0
OSMPT001269,2014-01-01,PH063022197,Y,0.0
OSMPT00126A,2014-01-01,PH063022114,Y,2.0
OSMPT00126B,2014-01-01,PH063022183,Y,2.0
OSMPT00126C,2014-01-01,PH063022099,Y,1.0
OSMPT00126D,2014-01-01,PH063022077,Y,0.0
OSMPT00126E,2014-01-01,PH063022123,Y,2.0
OSMPT00126F,2014-01-01,PH063022150,Y,4.0
OSMPT001270,2014-01-01,PH063022122,Y,11.0
OSMPT001271,2014-01-01,PH063022038,Y,3.0
OSMPT001272,2014-01-01,PH063022196,Y,1.0
OSMPT001273,2014-01-01,PH063022167,Y,2.0
OSMPT001274,2014-01-01,PH063022182,Y,1.0
OSMPT0012FC,2014-01-01,PH063022034,Y,0.0
OSMPT0012FD,2014-01-01,PH063022074,Y,0.0
OSMPT0012FE,2014-01-01,PH063022014,Y,0.0
OSMPT0012FF,2014-01-01,PH063022030,Y,0.0
OSMPT001300,2014-01-01,PH063022024,Y,2.0
OSMPT001301,2014-01-01,PH063022199,Y,0.0
OSMPT001302,2014-01-01,PH063022175,Y,2.0
OSMPT001303,2014-01-01,PH063022119,Y,0.0
OSMPT001304,2014-01-01,PH063022112,Y,6.0
OSMPT001305,2014-01-01,PH063022048,Y,0.0
OSMPT001306,2014-01-01,PH063022018,Y,7.0
OSMPT001307,2014-01-01,PH063022068,Y,0.0
OSMPT001308,2014-01-01,PH063022108,Y,1.0
OSMPT001309,2014-01-01,PH063022125,Y,0.0
OSMPT00130A,2014-01-01,PH063022174,Y,13.0
OSMPT00130B,2014-01-01,PH063022105,Y,0.0
OSMPT00130C,2014-01-01,PH063022098,Y,2.0
OSMPT00130D,2014-01-01,PH063022053,Y,1.0
OSMPT00130E,2014-01-01,PH063022010,Y,0.0
OSMPT00130F,2014-01-01,PH063022116,Y,5.0
OSMPT001310,2014-01-01,PH063022079,Y,0.0
OSMPT001311,2014-01-01,PH063022055,Y,0.0
OSMPT001312,2014-01-01,PH063022042,Y,30.0
OSMPT001313,2014-01-01,PH063022127,Y,0.0
OSMPT001314,2014-01-01,PH063022187,Y,0.0
OSMPT001315,2014-01-01,PH063022063,Y,0.0
OSMPT001316,2014-01-01,PH063022148,Y,5.0
OSMPT001317,2014-01-01,PH063022155,Y,2.0
OSMPT001318,2014-01-01,PH063022165,Y,0.0
OSMPT001319,2014-01-01,PH063022032,Y,2.0
OSMPT00131A,2014-01-01,PH063022012,Y,0.0
OSMPT00131B,2014-01-01,PH063022131,Y,16.0
OSMPT00131C,2014-01-01,PH063022102,Y,19.0
OSMPT00131D,2014-01-01,PH063022172,Y,0.0
OSMPT00138C,2014-01-01,PH063022008,Y,2.0
OSMPT00138D,2014-01-01,PH063022078,Y,0.0
OSMPT00138E,2014-01-01,PH063022193,Y,4.0
OSMPT00138F,2014-01-01,PH063022006,Y,1.0
OSMPT001390,2014-01-01,PH063022016,Y,0.0
OSMPT001391,2014-01-01,PH063022026,Y,0.0
OSMPT001392,2014-01-01,PH063022028,Y,3.0
OSMPT001393,2014-01-01,PH063022140,Y,9.0
OSMPT001394,2014-01-01,PH063022113,Y,4.0
OSMPT001395,2014-01-01,PH063022191,Y,0.0
OSMPT001396,2014-01-01,PH063022047,Y,0.0
OSMPT001397,2014-01-01,PH063022136,Y,0.0
OSMPT001398,2014-01-01,PH063022096,Y,0.0
OSMPT001399,2014-01-01,PH063022089,Y,0.0
OSMPT00139A,2014-01-01,PH063022100,Y,1.0
OSMPT00139B,2014-01-01,PH063022090,Y,3.0
OSMPT00139C,2014-01-01,PH063022003,Y,0.0
OSMPT00139D,2014-01-01,PH063022195,Y,0.0
OSMPT00139E,2014-01-01,PH063022104,Y,1.0
OSMPT00139F,2014-01-01,PH063022051,Y,0.0
OSMPT0013A0,2014-01-01,PH063022065,Y,0.0
OSMPT0013A1,2014-01-01,PH063022128,Y,0.0
OSMPT0013A2,2014-01-01,PH063022076,Y,0.0
OSMPT0013A3,2014-01-01,PH063022056,Y,0.0
OSMPT0013A4,2014-01-01,PH063022019,Y,12.0
OSMPT0013A5,2014-01-01,PH063022129,Y,0.0
OSMPT0013A6,2014-01-01,PH063022173,Y,1.0
OSMPT0013A7,2014-01-01,PH063022087,Y,0.0
OSMPT0013A8,2014-01-01,PH063022101,Y,3.0
OSMPT0013A9,2014-01-01,PH063022086,Y,0.0
OSMPT0013AA,2014-01-01,PH063022050,Y,2.0
OSMPT001419,2014-01-01,PH063022200,Y,2.0
OSMPT00141A,2014-01-01,PH063022135,Y,5.0
OSMPT00141B,2014-01-01,PH063022017,Y,1.0
OSMPT00141C,2014-01-01,PH063022120,Y,0.0
OSMPT00141D,2014-01-01,PH063022007,Y,6.0
OSMPT00141E,2014-01-01,PH063022192,Y,0.0
OSMPT00141F,2014-01-01,PH063022049,Y,0.0
OSMPT001420,2014-01-01,PH063022031,Y,0.0
OSMPT001421,2014-01-01,PH063022107,Y,10.0
OSMPT001422,2014-01-01,PH063022044,Y,4.0
OSMPT001423,2014-01-01,PH063022067,Y,0.0
OSMPT001424,2014-01-01,PH063022072,Y,1.0
OSMPT001425,2014-01-01,PH063022070,Y,10.0
OSMPT001426,2014-01-01,PH063022198,Y,4.0
OSMPT001427,2014-01-01,PH063022133,Y,0.0
OSMPT001428,2014-01-01,PH063022103,Y,5.0
OSMPT001429,2014-01-01,PH063022004,Y,0.0
OSMPT00142A,2014-01-01,PH063022036,Y,0.0
OSMPT00142B,2014-01-01,PH063022163,Y,1.0
OSMPT00142C,2014-01-01,PH063022009,Y,0.0
OSMPT00142D,2014-01-01,PH063022166,Y,1.0
OSMPT00142E,2014-01-01,PH063022151,Y,0.0
OSMPT00142F,2014-01-01,PH063022046,Y,1.0
OSMPT001430,2014-01-01,PH063022061,Y,0.0
OSMPT001431,2014-01-01,PH063022146,Y,8.0
OSMPT001432,2014-01-01,PH063022185,Y,0.0
OSMPT001433,2014-01-01,PH063022202,Y,0.0
OSMPT001434,2014-01-01,PH063022088,Y,0.0
OSMPT001435,2014-01-01,PH063022057,Y,1.0
OSMPT001436,2014-01-01,PH063022075,Y,1.0
OSMPT0014AC,2015-01-01,PH063022084,Y,14.0
OSMPT0014AD,2015-01-01,PH063022081,Y,5.0
OSMPT0014AE,2015-01-01,PH063022178,Y,6.0
OSMPT0014AF,2015-01-01,PH063022189,Y,9.0
OSMPT0014B0,2015-01-01,PH063022064,Y,1.0
OSMPT0014B1,2015-01-01,PH063022033,Y,0.0
OSMPT0014B2,2015-01-01,PH063022080,Y,2.0
OSMPT0014B3,2015-01-01,PH063022097,Y,1.0
OSMPT0014B4,2015-01-01,PH063022154,Y,6.0
OSMPT0014B5,2015-01-01,PH063022041,Y,2.0
OSMPT0014B6,2015-01-01,PH063022186,Y,0.0
OSMPT0014B7,2015-01-01,PH063022161,Y,0.0
OSMPT0014B8,2015-01-01,PH063022023,Y,0.0
OSMPT0014B9,2015-01-01,PH063022060,Y,0.0
OSMPT0014BA,2015-01-01,PH063022159,Y,0.0
OSMPT0014BB,2015-01-01,PH063022181,Y,2.0
OSMPT0014BC,2015-01-01,PH063022011,Y,2.0
OSMPT0014BD,2015-01-01,PH063022043,Y,1.0
OSMPT0014BE,2015-01-01,PH063022177,Y,0.0
OSMPT0014BF,2015-01-01,PH063022115,Y,0.0
OSMPT0014C0,2015-01-01,PH063022071,Y,2.0
OSMPT0014C1,2015-01-01,PH063022188,Y,4.0
OSMPT0014C2,2015-01-01,PH063022045,Y,0.0
OSMPT0014C3,2015-01-01,PH063022168,Y,7.0
OSMPT0014C4,2015-01-01,PH063022069,Y,1.0
OSMPT0014C5,2015-01-01,PH063022169,Y,1.0
OSMPT001535,2015-01-01,PH063022124,Y,2.0
OSMPT001536,2015-01-01,PH063022091,Y,3.0
OSMPT001537,2015-01-01,PH063022139,Y,5.0
OSMPT001538,2015-01-01,PH063022117,Y,2.0
OSMPT001539,2015-01-01,PH063022121,Y,0.0
OSMPT00153A,2015-01-01,PH063022062,Y,1.0
OSMPT00153B,2015-01-01,PH063022170,Y,0.0
OSMPT00153C,2015-01-01,PH063022093,Y,0.0
OSMPT00153D,2015-01-01,PH063022157,Y,6.0
OSMPT00153E,2015-01-01,PH063022073,Y,0.0
OSMPT00153F,2015-01-01,PH063022106,Y,0.0
OSMPT001540,2015-01-01,PH063022171,Y,0.0
OSMPT001541,2015-01-01,PH063022094,Y,1.0
OSMPT001542,2015-01-01,PH063022021,Y,4.0
OSMPT001543,2015-01-01,PH063022005,Y,0.0
OSMPT001544,2015-01-01,PH063022156,Y,2.0
OSMPT001545,2015-01-01,PH063022201,Y,1.0
OSMPT001546,2015-01-01,PH063022022,Y,0.0
OSMPT001547,2015-01-01,PH063022025,Y,0.0
OSMPT001548,2015-01-01,PH063022001,Y,2.0
OSMPT001549,2015-01-01,PH063022126,Y,0.0
OSMPT00154A,2015-01-01,PH063022137,Y,0.0
OSMPT0015BF,2015-01-01,PH063022118,Y,0.0
OSMPT0015C0,2015-01-01,PH063022015,Y,5.0
OSMPT0015C1,2015-01-01,PH063022152,Y,0.0
OSMPT0015C2,2015-01-01,PH063022040,Y,4.0
OSMPT0015C3,2015-01-01,PH063022020,Y,3.0
OSMPT0015C4,2015-01-01,PH063022109,Y,0.0
OSMPT0015C5,2015-01-01,PH063022110,Y,0.0
OSMPT0015C6,2015-01-01,PH063022149,Y,0.0
OSMPT0015C7,2015-01-01,PH063022052,Y,0.0
OSMPT0015C8,2015-01-01,PH063022138,Y,1.0
OSMPT0015C9,2015-01-01,PH063022176,Y,2.0
OSMPT0015CA,2015-01-01,PH063022179,Y,6.0
OSMPT0015CB,2015-01-01,PH063022054,Y,27.0
OSMPT0015CC,2015-01-01,PH063022092,Y,0.0
OSMPT0015CD,2015-01-01,PH063022132,Y,0.0
OSMPT0015CE,2015-01-01,PH063022085,Y,12.0
OSMPT0015CF,2015-01-01,PH063022160,Y,31.0
OSMPT0015D0,2015-01-01,PH063022134,Y,0.0
OSMPT0015D1,2015-01-01,PH063022035,Y,0.0
OSMPT0015D2,2015-01-01,PH063022029,Y,0.0
OSMPT0015D3,2015-01-01,PH063022194,Y,9.0
OSMPT0015D4,2015-01-01,PH063022144,Y,0.0
OSMPT0015D5,2015-01-01,PH063022095,Y,0.0
OSMPT0015D6,2015-01-01,PH063022164,Y,2.0
OSMPT0015D7,2015-01-01,PH063022158,Y,1.0
OSMPT0015D8,2015-01-01,PH063022197,Y,0.0
OSMPT0015D9,2015-01-01,PH063022114,Y,2.0
OSMPT0015DA,2015-01-01,PH063022183,Y,2.0
OSMPT0015DB,2015-01-01,PH063022099,Y,3.0
OSMPT0015DC,2015-01-01,PH063022077,Y,0.0
OSMPT0015DD,2015-01-01,PH063022123,Y,2.0
OSMPT0015DE,2015-01-01,PH063022150,Y,11.0
OSMPT0015DF,2015-01-01,PH063022122,Y,11.0
OSMPT0015E0,2015-01-01,PH063022038,Y,3.0
OSMPT0015E1,2015-01-01,PH063022196,Y,0.0
OSMPT0015E2,2015-01-01,PH063022167,Y,1.0
OSMPT0015E3,2015-01-01,PH063022182,Y,1.0
OSMPT00166B,2015-01-01,PH063022034,Y,0.0
OSMPT00166C,2015-01-01,PH063022074,Y,0.0
OSMPT00166D,2015-01-01,PH063022014,Y,0.0
OSMPT00166E,2015-01-01,PH063022030,Y,1.0
OSMPT00166F,2015-01-01,PH063022024,Y,2.0
OSMPT001670,2015-01-01,PH063022199,Y,0.0
OSMPT001671,2015-01-01,PH063022175,Y,2.0
OSMPT001672,2015-01-01,PH063022119,Y,1.0
OSMPT001673,2015-01-01,PH063022112,Y,6.0
OSMPT001674,2015-01-01,PH063022048,Y,0.0
OSMPT001675,2015-01-01,PH063022018,Y,13.0
OSMPT001676,2015-01-01,PH063022068,Y,0.0
OSMPT001677,2015-01-01,PH063022108,Y,2.0
OSMPT001678,2015-01-01,PH063022125,Y,0.0
OSMPT001679,2015-01-01,PH063022174,Y,14.0
OSMPT00167A,2015-01-01,PH063022105,Y,0.0
OSMPT00167B,2015-01-01,PH063022098,Y,2.0
OSMPT00167C,2015-01-01,PH063022053,Y,0.0
OSMPT00167D,2015-01-01,PH063022010,Y,0.0
OSMPT00167E,2015-01-01,PH063022116,Y,5.0
OSMPT00167F,2015-01-01,PH063022079,Y,0.0
OSMPT001680,2015-01-01,PH063022055,Y,0.0
OSMPT001681,2015-01-01,PH063022042,Y,26.0
OSMPT001682,2015-01-01,PH063022127,Y,0.0
OSMPT001683,2015-01-01,PH063022187,Y,0.0
OSMPT001684,2015-01-01,PH063022063,Y,0.0
OSMPT001685,2015-01-01,PH063022148,Y,5.0
OSMPT001686,2015-01-01,PH063022155,Y,2.0
OSMPT001687,2015-01-01,PH063022165,Y,0.0
OSMPT001688,2015-01-01,PH063022032,Y,2.0
OSMPT001689,2015-01-01,PH063022012,Y,1.0
OSMPT00168A,2015-01-01,PH063022131,Y,10.0
OSMPT00168B,2015-01-01,PH063022102,Y,19.0
OSMPT00168C,2015-01-01,PH063022172,Y,0.0
OSMPT0016FB,2015-01-01,PH063022008,Y,5.0
OSMPT0016FC,2015-01-01,PH063022078,Y,1.0
OSMPT0016FD,2015-01-01,PH063022193,Y,4.0
OSMPT0016FE,2015-01-01,PH063022006,Y,1.0
OSMPT0016FF,2015-01-01,PH063022016,Y,0.0
OSMPT001700,2015-01-01,PH063022026,Y,0.0
OSMPT001701,2015-01-01,PH063022028,Y,3.0
OSMPT001702,2015-01-01,PH063022140,Y,13.0
OSMPT001703,2015-01-01,PH063022113,Y,4.0
OSMPT001704,2015-01-01,PH063022191,Y,0.0
OSMPT001705,2015-01-01,PH063022047,Y,0.0
OSMPT001706,2015-01-01,PH063022136,Y,0.0
OSMPT001707,2015-01-01,PH063022096,Y,0.0
OSMPT001708,2015-01-01,PH063022089,Y,0.0
OSMPT001709,2015-01-01,PH063022100,Y,2.0
OSMPT00170A,2015-01-01,PH063022090,Y,2.0
OSMPT00170B,2015-01-01,PH063022003,Y,0.0
OSMPT00170C,2015-01-01,PH063022195,Y,1.0
OSMPT00170D,2015-01-01,PH063022104,Y,0.0
OSMPT00170E,2015-01-01,PH063022051,Y,0.0
OSMPT00170F,2015-01-01,PH063022065,Y,0.0
OSMPT001710,2015-01-01,PH063022128,Y,0.0
OSMPT001711,2015-01-01,PH063022076,Y,2.0
OSMPT001712,2015-01-01,PH063022056,Y,1.0
OSMPT001713,2015-01-01,PH063022019,Y,5.0
OSMPT001714,2015-01-01,PH063022129,Y,2.0
OSMPT001715,2015-01-01,PH063022173,Y,1.0
OSMPT001716,2015-01-01,PH063022087,Y,0.0
OSMPT001717,2015-01-01,PH063022101,Y,3.0
OSMPT001718,2015-01-01,PH063022086,Y,0.0
OSMPT001719,2015-01-01,PH063022050,Y,2.0
OSMPT001788,2015-01-01,PH063022200,Y,2.0
OSMPT001789,2015-01-01,PH063022135,Y,5.0
OSMPT00178A,2015-01-01,PH063022017,Y,1.0
OSMPT00178B,2015-01-01,PH063022120,Y,0.0
OSMPT00178C,2015-01-01,PH063022007,Y,8.0
OSMPT00178D,2015-01-01,PH063022192,Y,1.0
OSMPT00178E,2015-01-01,PH063022049,Y,0.0
OSMPT00178F,2015-01-01,PH063022031,Y,0.0
OSMPT001790,2015-01-01,PH063022107,Y,10.0
OSMPT001791,2015-01-01,PH063022044,Y,3.0
OSMPT001792,2015-01-01,PH063022067,Y,0.0
OSMPT001793,2015-01-01,PH063022072,Y,1.0
OSMPT001794,2015-01-01,PH063022070,Y,6.0
OSMPT001795,2015-01-01,PH063022198,Y,4.0
OSMPT001796,2015-01-01,PH063022133,Y,0.0
OSMPT001797,2015-01-01,PH063022103,Y,6.0
OSMPT001798,2015-01-01,PH063022004,Y,1.0
OSMPT001799,2015-01-01,PH063022036,Y,0.0
OSMPT00179A,2015-01-01,PH063022163,Y,1.0
OSMPT00179B,2015-01-01,PH063022009,Y,1.0
OSMPT00179C,2015-01-01,PH063022166,Y,1.0
OSMPT00179D,2015-01-01,PH063022151,Y,0.0
OSMPT00179E,2015-01-01,PH063022046,Y,2.0
OSMPT00179F,2015-01-01,PH063022061,Y,1.0
OSMPT0017A0,2015-01-01,PH063022146,Y,7.0
OSMPT0017A1,2015-01-01,PH063022185,Y,0.0
OSMPT0017A2,2015-01-01,PH063022202,Y,0.0
OSMPT0017A3,2015-01-01,PH063022088,Y,1.0
OSMPT0017A4,2015-01-01,PH063022057,Y,1.0
OSMPT0017A5,2015-01-01,PH063022075,Y,1.0
OSMPT00181B,2017-01-01,PH063022084,Y,18.0
OSMPT00181C,2017-01-01,PH063022081,Y,11.0
OSMPT00181D,2017-01-01,PH063022178,Y,29.0
OSMPT00181E,2017-01-01,PH063022189,Y,23.0
OSMPT00181F,2017-01-01,PH063022064,Y,7.0
OSMPT001820,2017-01-01,PH063022033,Y,4.0
OSMPT001821,2017-01-01,PH063022080,Y,6.0
OSMPT001822,2017-01-01,PH063022097,Y,2.0
OSMPT001823,2017-01-01,PH063022154,Y,7.0
OSMPT001824,2017-01-01,PH063022041,Y,3.0
OSMPT001825,2017-01-01,PH063022186,Y,0.0
OSMPT001826,2017-01-01,PH063022161,Y,1.0
OSMPT001827,2017-01-01,PH063022023,Y,0.0
OSMPT001828,2017-01-01,PH063022060,Y,0.0
OSMPT001829,2017-01-01,PH063022159,Y,0.0
OSMPT00182A,2017-01-01,PH063022181,Y,4.0
OSMPT00182B,2017-01-01,PH063022011,Y,3.0
OSMPT00182C,2017-01-01,PH063022043,Y,0.0
OSMPT00182D,2017-01-01,PH063022177,Y,6.0
OSMPT00182E,2017-01-01,PH063022115,Y,0.0
OSMPT00182F,2017-01-01,PH063022071,Y,4.0
OSMPT001830,2017-01-01,PH063022188,Y,4.0
OSMPT001831,2017-01-01,PH063022045,Y,2.0
OSMPT001832,2017-01-01,PH063022168,Y,22.0
OSMPT001833,2017-01-01,PH063022069,Y,3.0
OSMPT001834,2017-01-01,PH063022169,Y,1.0
OSMPT0018A4,2017-01-01,PH063022124,Y,6.0
OSMPT0018A5,2017-01-01,PH063022091,Y,5.0
OSMPT0018A6,2017-01-01,PH063022139,Y,10.0
OSMPT0018A7,2017-01-01,PH063022117,Y,4.0
OSMPT0018A8,2017-01-01,PH063022121,Y,0.0
OSMPT0018A9,2017-01-01,PH063022062,Y,1.0
OSMPT0018AA,2017-01-01,PH063022170,Y,1.0
OSMPT0018AB,2017-01-01,PH063022093,Y,0.0
OSMPT0018AC,2017-01-01,PH063022157,Y,7.0
OSMPT0018AD,2017-01-01,PH063022073,Y,3.0
OSMPT0018AE,2017-01-01,PH063022106,Y,2.0
OSMPT0018AF,2017-01-01,PH063022171,Y,0.0
OSMPT0018B0,2017-01-01,PH063022094,Y,5.0
OSMPT0018B1,2017-01-01,PH063022021,Y,6.0
OSMPT0018B2,2017-01-01,PH063022005,Y,0.0
OSMPT0018B3,2017-01-01,PH063022156,Y,6.0
OSMPT0018B4,2017-01-01,PH063022201,Y,1.0
OSMPT0018B5,2017-01-01,PH063022022,Y,0.0
OSMPT0018B6,2017-01-01,PH063022025,Y,4.0
OSMPT0018B7,2017-01-01,PH063022001,Y,3.0
OSMPT0018B8,2017-01-01,PH063022126,Y,0.0
OSMPT0018B9,2017-01-01,PH063022137,Y,0.0
OSMPT00192E,2017-01-01,PH063022118,Y,0.0
OSMPT00192F,2017-01-01,PH063022015,Y,5.0
OSMPT001930,2017-01-01,PH063022152,Y,3.0
OSMPT001931,2017-01-01,PH063022040,Y,9.0
OSMPT001932,2017-01-01,PH063022020,Y,2.0
OSMPT001933,2017-01-01,PH063022109,Y,1.0
OSMPT001934,2017-01-01,PH063022110,Y,0.0
OSMPT001935,2017-01-01,PH063022149,Y,1.0
OSMPT001936,2017-01-01,PH063022052,Y,0.0
OSMPT001937,2017-01-01,PH063022138,Y,2.0
OSMPT001938,2017-01-01,PH063022176,Y,3.0
OSMPT001939,2017-01-01,PH063022179,Y,16.0
OSMPT00193A,2017-01-01,PH063022054,Y,35.0
OSMPT00193B,2017-01-01,PH063022092,Y,0.0
OSMPT00193C,2017-01-01,PH063022132,Y,0.0
OSMPT00193D,2017-01-01,PH063022085,Y,11.0
OSMPT00193E,2017-01-01,PH063022160,Y,74.0
OSMPT00193F,2017-01-01,PH063022134,Y,6.0
OSMPT001940,2017-01-01,PH063022035,Y,0.0
OSMPT001941,2017-01-01,PH063022029,Y,0.0
OSMPT001942,2017-01-01,PH063022194,Y,10.0
OSMPT001943,2017-01-01,PH063022144,Y,2.0
OSMPT001944,2017-01-01,PH063022095,Y,0.0
OSMPT001945,2017-01-01,PH063022164,Y,10.0
OSMPT001946,2017-01-01,PH063022158,Y,4.0
OSMPT001947,2017-01-01,PH063022197,Y,1.0
OSMPT001948,2017-01-01,PH063022114,Y,1.0
OSMPT001949,2017-01-01,PH063022183,Y,2.0
OSMPT00194A,2017-01-01,PH063022099,Y,7.0
OSMPT00194B,2017-01-01,PH063022077,Y,0.0
OSMPT00194C,2017-01-01,PH063022123,Y,2.0
OSMPT00194D,2017-01-01,PH063022150,Y,12.0
OSMPT00194E,2017-01-01,PH063022122,Y,16.0
OSMPT00194F,2017-01-01,PH063022038,Y,5.0
OSMPT001950,2017-01-01,PH063022196,Y,2.0
OSMPT001951,2017-01-01,PH063022167,Y,9.0
OSMPT001952,2017-01-01,PH063022182,Y,3.0
OSMPT0019DA,2017-01-01,PH063022034,Y,1.0
OSMPT0019DB,2017-01-01,PH063022074,Y,0.0
OSMPT0019DC,2017-01-01,PH063022014,Y,1.0
OSMPT0019DD,2017-01-01,PH063022030,Y,4.0
OSMPT0019DE,2017-01-01,PH063022024,Y,6.0
OSMPT0019DF,2017-01-01,PH063022199,Y,1.0
OSMPT0019E0,2017-01-01,PH063022175,Y,4.0
OSMPT0019E1,2017-01-01,PH063022119,Y,1.0
OSMPT0019E2,2017-01-01,PH063022112,Y,10.0
OSMPT0019E3,2017-01-01,PH063022048,Y,4.0
OSMPT0019E4,2017-01-01,PH063022018,Y,19.0
OSMPT0019E5,2017-01-01,PH063022068,Y,0.0
OSMPT0019E6,2017-01-01,PH063022108,Y,2.0
OSMPT0019E7,2017-01-01,PH063022125,Y,0.0
OSMPT0019E8,2017-01-01,PH063022174,Y,21.0
OSMPT0019E9,2017-01-01,PH063022105,Y,0.0
OSMPT0019EA,2017-01-01,PH063022098,Y,3.0
OSMPT0019EB,2017-01-01,PH063022053,Y,4.0
OSMPT0019EC,2017-01-01,PH063022010,Y,3.0
OSMPT0019ED,2017-01-01,PH063022116,Y,7.0
OSMPT0019EE,2017-01-01,PH063022079,Y,0.0
OSMPT0019EF,2017-01-01,PH063022055,Y,0.0
OSMPT0019F0,2017-01-01,PH063022042,Y,32.0
OSMPT0019F1,2017-01-01,PH063022127,Y,0.0
OSMPT0019F2,2017-01-01,PH063022187,Y,1.0
OSMPT0019F3,2017-01-01,PH063022063,Y,0.0
OSMPT0019F4,2017-01-01,PH063022148,Y,11.0
OSMPT0019F5,2017-01-01,PH063022155,Y,5.0
OSMPT0019F6,2017-01-01,PH063022165,Y,0.0
OSMPT0019F7,2017-01-01,PH063022032,Y,31.0
OSMPT0019F8,2017-01-01,PH063022012,Y,4.0
OSMPT0019F9,2017-01-01,PH063022131,Y,15.0
OSMPT0019FA,2017-01-01,PH063022102,Y,29.0
OSMPT0019FB,2017-01-01,PH063022172,Y,0.0
OSMPT001A6A,2017-01-01,PH063022008,Y,8.0
OSMPT001A6B,2017-01-01,PH063022078,Y,1.0
OSMPT001A6C,2017-01-01,PH063022193,Y,5.0
OSMPT001A6D,2017-01-01,PH063022006,Y,2.0
OSMPT001A6E,2017-01-01,PH063022016,Y,0.0
OSMPT001A6F,2017-01-01,PH063022026,Y,4.0
OSMPT001A70,2017-01-01,PH063022028,Y,6.0
OSMPT001A71,2017-01-01,PH063022140,Y,21.0
OSMPT001A72,2017-01-01,PH063022113,Y,4.0
OSMPT001A73,2017-01-01,PH063022191,Y,0.0
OSMPT001A74,2017-01-01,PH063022047,Y,6.0
OSMPT001A75,2017-01-01,PH063022136,Y,0.0
OSMPT001A76,2017-01-01,PH063022096,Y,1.0
OSMPT001A77,2017-01-01,PH063022089,Y,0.0
OSMPT001A78,2017-01-01,PH063022100,Y,3.0
OSMPT001A79,2017-01-01,PH063022090,Y,4.0
OSMPT001A7A,2017-01-01,PH063022003,Y,0.0
OSMPT001A7B,2017-01-01,PH063022195,Y,2.0
OSMPT001A7C,2017-01-01,PH063022104,Y,0.0
OSMPT001A7D,2017-01-01,PH063022051,Y,2.0
OSMPT001A7E,2017-01-01,PH063022065,Y,0.0
OSMPT001A7F,2017-01-01,PH063022128,Y,0.0
OSMPT001A80,2017-01-01,PH063022076,Y,3.0
OSMPT001A81,2017-01-01,PH063022056,Y,1.0
OSMPT001A82,2017-01-01,PH063022019,Y,6.0
OSMPT001A83,2017-01-01,PH063022129,Y,12.0
OSMPT001A84,2017-01-01,PH063022173,Y,1.0
OSMPT001A85,2017-01-01,PH063022087,Y,0.0
OSMPT001A86,2017-01-01,PH063022101,Y,8.0
OSMPT001A87,2017-01-01,PH063022086,Y,0.0
OSMPT001A88,2017-01-01,PH063022050,Y,7.0
OSMPT001AF7,2017-01-01,PH063022200,Y,3.0
OSMPT001AF8,2017-01-01,PH063022135,Y,10.0
OSMPT001AF9,2017-01-01,PH063022017,Y,3.0
OSMPT001AFA,2017-01-01,PH063022120,Y,15.0
OSMPT001AFB,2017-01-01,PH063022007,Y,9.0
OSMPT001AFC,2017-01-01,PH063022192,Y,1.0
OSMPT001AFD,2017-01-01,PH063022049,Y,0.0
OSMPT001AFE,2017-01-01,PH063022031,Y,10.0
OSMPT001AFF,2017-01-01,PH063022107,Y,14.0
OSMPT001B00,2017-01-01,PH063022044,Y,8.0
OSMPT001B01,2017-01-01,PH063022067,Y,3.0
OSMPT001B02,2017-01-01,PH063022072,Y,10.0
OSMPT001B03,2017-01-01,PH063022070,Y,12.0
OSMPT001B04,2017-01-01,PH063022198,Y,9.0
OSMPT001B05,2017-01-01,PH063022133,Y,0.0
OSMPT001B06,2017-01-01,PH063022103,Y,8.0
OSMPT001B07,2017-01-01,PH063022004,Y,5.0
OSMPT001B08,2017-01-01,PH063022036,Y,1.0
OSMPT001B09,2017-01-01,PH063022163,Y,9.0
OSMPT001B0A,2017-01-01,PH063022009,Y,3.0
OSMPT001B0B,2017-01-01,PH063022166,Y,1.0
OSMPT001B0C,2017-01-01,PH063022151,Y,16.0
OSMPT001B0D,2017-01-01,PH063022046,Y,2.0
OSMPT001B0E,2017-01-01,PH063022061,Y,1.0
OSMPT001B0F,2017-01-01,PH063022146,Y,19.0
OSMPT001B10,2017-01-01,PH063022185,Y,0.0
OSMPT001B11,2017-01-01,PH063022202,Y,4.0
OSMPT001B12,2017-01-01,PH063022088,Y,3.0
OSMPT001B13,2017-01-01,PH063022057,Y,3.0
OSMPT001B14,2017-01-01,PH063022075,Y,2.0
OSMPT001B8A,2022-01-01,PH063022084,Y,28.0
OSMPT001B8B,2022-01-01,PH063022081,Y,15.0
OSMPT001B8C,2022-01-01,PH063022178,Y,74.0
OSMPT001B8D,2022-01-01,PH063022189,Y,40.0
OSMPT001B8E,2022-01-01,PH063022064,Y,12.0
OSMPT001B8F,2022-01-01,PH063022033,Y,6.0
OSMPT001B90,2022-01-01,PH063022080,Y,9.0
OSMPT001B91,2022-01-01,PH063022097,Y,2.0
OSMPT001B92,2022-01-01,PH063022154,Y,8.0
OSMPT001B93,2022-01-01,PH063022041,Y,12.0
OSMPT001B94,2022-01-01,PH063022186,Y,0.0
OSMPT001B95,2022-01-01,PH063022161,Y,0.0
OSMPT001B96,2022-01-01,PH063022023,Y,2.0
OSMPT001B97,2022-01-01,PH063022060,Y,4.0
OSMPT001B98,2022-01-01,PH063022159,Y,2.0
OSMPT001B99,2022-01-01,PH063022181,Y,9.0
OSMPT001B9A,2022-01-01,PH063022011,Y,7.0
OSMPT001B9B,2022-01-01,PH063022043,Y,0.0
OSMPT001B9C,2022-01-01,PH063022177,Y,12.0
OSMPT001B9D,2022-01-01,PH063022115,Y,5.0
OSMPT001B9E,2022-01-01,PH063022071,Y,5.0
OSMPT001B9F,2022-01-01,PH063022188,Y,6.0
OSMPT001BA0,2022-01-01,PH063022045,Y,2.0
OSMPT001BA1,2022-01-01,PH063022168,Y,37.0
OSMPT001BA2,2022-01-01,PH063022069,Y,9.0
OSMPT001BA3,2022-01-01,PH063022169,Y,0.0
OSMPT001C13,2022-01-01,PH063022124,Y,9.0
OSMPT001C14,2022-01-01,PH063022091,Y,10.0
OSMPT001C15,2022-01-01,PH063022139,Y,18.0
OSMPT001C16,2022-01-01,PH063022117,Y,3.0
OSMPT001C17,2022-01-01,PH063022121,Y,18.0
OSMPT001C18,2022-01-01,PH063022062,Y,5.0
OSMPT001C19,2022-01-01,PH063022170,Y,4.0
OSMPT001C1A,2022-01-01,PH063022093,Y,3.0
OSMPT001C1B,2022-01-01,PH063022157,Y,13.0
OSMPT001C1C,2022-01-01,PH063022073,Y,3.0
OSMPT001C1D,2022-01-01,PH063022106,Y,2.0
OSMPT001C1E,2022-01-01,PH063022171,Y,9.0
OSMPT001C1F,2022-01-01,PH063022094,Y,5.0
OSMPT001C20,2022-01-01,PH063022021,Y,17.0
OSMPT001C21,2022-01-01,PH063022005,Y,0.0
OSMPT001C22,2022-01-01,PH063022156,Y,7.0
OSMPT001C23,2022-01-01,PH063022201,Y,2.0
OSMPT001C24,2022-01-01,PH063022022,Y,0.0
OSMPT001C25,2022-01-01,PH063022025,Y,20.0
OSMPT001C26,2022-01-01,PH063022001,Y,5.0
OSMPT001C27,2022-01-01,PH063022126,Y,2.0
OSMPT001C28,2022-01-01,PH063022137,Y,2.0
OSMPT001C9D,2022-01-01,PH063022118,Y,1.0
OSMPT001C9E,2022-01-01,PH063022015,Y,11.0
OSMPT001C9F,2022-01-01,PH063022152,Y,8.0
OSMPT001CA0,2022-01-01,PH063022040,Y,30.0
OSMPT001CA1,2022-01-01,PH063022020,Y,2.0
OSMPT001CA2,2022-01-01,PH063022109,Y,3.0
OSMPT001CA3,2022-01-01,PH063022110,Y,0.0
OSMPT001CA4,2022-01-01,PH063022149,Y,3.0
OSMPT001CA5,2022-01-01,PH063022052,Y,1.0
OSMPT001CA6,2022-01-01,PH063022138,Y,2.0
OSMPT001CA7,2022-01-01,PH063022176,Y,13.0
OSMPT001CA8,2022-01-01,PH063022179,Y,25.0
OSMPT001CA9,2022-01-01,PH063022054,Y,53.0
OSMPT001CAA,2022-01-01,PH063022092,Y,3.0
OSMPT001CAB,2022-01-01,PH063022132,Y,1.0
OSMPT001CAC,2022-01-01,PH063022085,Y,18.0
OSMPT001CAD,2022-01-01,PH063022160,Y,118.0
OSMPT001CAE,2022-01-01,PH063022134,Y,23.0
OSMPT001CAF,2022-01-01,PH063022035,Y,0.0
OSMPT001CB0,2022-01-01,PH063022029,Y,1.0
OSMPT001CB1,2022-01-01,PH063022194,Y,23.0
OSMPT001CB2,2022-01-01,PH063022144,Y,26.0
OSMPT001CB3,2022-01-01,PH063022095,Y,1.0
OSMPT001CB4,2022-01-01,PH063022164,Y,21.0
OSMPT001CB5,2022-01-01,PH063022158,Y,10.0
OSMPT001CB6,2022-01-01,PH063022197,Y,2.0
OSMPT001CB7,2022-01-01,PH063022114,Y,7.0
OSMPT001CB8,2022-01-01,PH063022183,Y,2.0
OSMPT001CB9,2022-01-01,PH063022099,Y,23.0
OSMPT001CBA,2022-01-01,PH063022077,Y,0.0
OSMPT001CBB,2022-01-01,PH063022123,Y,8.0
OSMPT001CBC,2022-01-01,PH063022150,Y,12.0
OSMPT001CBD,2022-01-01,PH063022122,Y,46.0
OSMPT001CBE,2022-01-01,PH063022038,Y,10.0
OSMPT001CBF,2022-01-01,PH063022196,Y,7.0
OSMPT001CC0,2022-01-01,PH063022167,Y,15.0
OSMPT001CC1,2022-01-01,PH063022182,Y,11.0
OSMPT001D49,2022-01-01,PH063022034,Y,1.0
OSMPT001D4A,2022-01-01,PH063022074,Y,4.0
OSMPT001D4B,2022-01-01,PH063022014,Y,3.0
OSMPT001D4C,2022-01-01,PH063022030,Y,10.0
OSMPT001D4D,2022-01-01,PH063022024,Y,17.0
OSMPT001D4E,2022-01-01,PH063022199,Y,7.0
OSMPT001D4F,2022-01-01,PH063022175,Y,19.0
OSMPT001D50,2022-01-01,PH063022119,Y,3.0
OSMPT001D51,2022-01-01,PH063022112,Y,28.0
OSMPT001D52,2022-01-01,PH063022048,Y,17.0
OSMPT001D53,2022-01-01,PH063022018,Y,20.0
OSMPT001D54,2022-01-01,PH063022068,Y,0.0
OSMPT001D55,2022-01-01,PH063022108,Y,3.0
OSMPT001D56,2022-01-01,PH063022125,Y,3.0
OSMPT001D57,2022-01-01,PH063022174,Y,46.0
OSMPT001D58,2022-01-01,PH063022105,Y,0.0
OSMPT001D59,2022-01-01,PH063022098,Y,18.0
OSMPT001D5A,2022-01-01,PH063022053,Y,12.0
OSMPT001D5B,2022-01-01,PH063022010,Y,13.0
OSMPT001D5C,2022-01-01,PH063022116,Y,24.0
OSMPT001D5D,2022-01-01,PH063022079,Y,0.0
OSMPT001D5E,2022-01-01,PH063022055,Y,5.0
OSMPT001D5F,2022-01-01,PH063022042,Y,56.0
OSMPT001D60,2022-01-01,PH063022127,Y,0.0
OSMPT001D61,2022-01-01,PH063022187,Y,9.0
OSMPT001D62,2022-01-01,PH063022063,Y,0.0
OSMPT001D63,2022-01-01,PH063022148,Y,35.0
OSMPT001D64,2022-01-01,PH063022155,Y,13.0
OSMPT001D65,2022-01-01,PH063022165,Y,5.0
OSMPT001D66,2022-01-01,PH063022032,Y,38.0
OSMPT001D67,2022-01-01,PH063022012,Y,7.0
OSMPT001D68,2022-01-01,PH063022131,Y,30.0
OSMPT001D69,2022-01-01,PH063022102,Y,51.0
OSMPT001D6A,2022-01-01,PH063022172,Y,0.0
OSMPT001DD9,2022-01-01,PH063022008,Y,17.0
OSMPT001DDA,2022-01-01,PH063022078,Y,1.0
OSMPT001DDB,2022-01-01,PH063022193,Y,10.0
OSMPT001DDC,2022-01-01,PH063022006,Y,11.0
OSMPT001DDD,2022-01-01,PH063022016,Y,3.0
OSMPT001DDE,2022-01-01,PH063022026,Y,6.0
OSMPT001DDF,2022-01-01,PH063022028,Y,7.0
OSMPT001DE0,2022-01-01,PH063022140,Y,28.0
OSMPT001DE1,2022-01-01,PH063022113,Y,10.0
OSMPT001DE2,2022-01-01,PH063022191,Y,1.0
OSMPT001DE3,2022-01-01,PH063022047,Y,8.0
OSMPT001DE4,2022-01-01,PH063022136,Y,0.0
OSMPT001DE5,2022-01-01,PH063022096,Y,2.0
OSMPT001DE6,2022-01-01,PH063022089,Y,0.0
OSMPT001DE7,2022-01-01,PH063022100,Y,9.0
OSMPT001DE8,2022-01-01,PH063022090,Y,10.0
OSMPT001DE9,2022-01-01,PH063022003,Y,0.0
OSMPT001DEA,2022-01-01,PH063022195,Y,12.0
OSMPT001DEB,2022-01-01,PH063022104,Y,0.0
OSMPT001DEC,2022-01-01,PH063022051,Y,10.0
OSMPT001DED,2022-01-01,PH063022065,Y,2.0
OSMPT001DEE,2022-01-01,PH063022128,Y,1.0
OSMPT001DEF,2022-01-01,PH063022076,Y,4.0
OSMPT001DF0,2022-01-01,PH063022056,Y,2.0
OSMPT001DF1,2022-01-01,PH063022019,Y,16.0
OSMPT001DF2,2022-01-01,PH063022129,Y,21.0
OSMPT001DF3,2022-01-01,PH063022173,Y,4.0
OSMPT001DF4,2022-01-01,PH063022087,Y,1.0
OSMPT001DF5,2022-01-01,PH063022101,Y,15.0
OSMPT001DF6,2022-01-01,PH063022086,Y,21.0
OSMPT001DF7,2022-01-01,PH063022050,Y,19.0
OSMPT001E66,2022-01-01,PH063022200,Y,10.0
OSMPT001E67,2022-01-01,PH063022135,Y,34.0
OSMPT001E68,2022-01-01,PH063022017,Y,1.0
OSMPT001E69,2022-01-01,PH063022120,Y,43.0
OSMPT001E6A,2022-01-01,PH063022007,Y,11.0
OSMPT001E6B,2022-01-01,PH063022192,Y,4.0
OSMPT001E6C,2022-01-01,PH063022049,Y,1.0
OSMPT001E6D,2022-01-01,PH063022031,Y,28.0
OSMPT001E6E,2022-01-01,PH063022107,Y,22.0
OSMPT001E6F,2022-01-01,PH063022044,Y,15.0
OSMPT001E70,2022-01-01,PH063022067,Y,21.0
OSMPT001E71,2022-01-01,PH063022072,Y,10.0
OSMPT001E72,2022-01-01,PH063022070,Y,18.0
OSMPT001E73,2022-01-01,PH063022198,Y,20.0
OSMPT001E74,2022-01-01,PH063022133,Y,1.0
OSMPT001E75,2022-01-01,PH063022103,Y,26.0
OSMPT001E76,2022-01-01,PH063022004,Y,5.0
OSMPT001E77,2022-01-01,PH063022036,Y,1.0
OSMPT001E78,2022-01-01,PH063022163,Y,17.0
OSMPT001E79,2022-01-01,PH063022009,Y,10.0
OSMPT001E7A,2022-01-01,PH063022166,Y,8.0
OSMPT001E7B,2022-01-01,PH063022151,Y,39.0
OSMPT001E7C,2022-01-01,PH063022046,Y,6.0
OSMPT001E7D,2022-01-01,PH063022061,Y,2.0
OSMPT001E7E,2022-01-01,PH063022146,Y,28.0
OSMPT001E7F,2022-01-01,PH063022185,Y,0.0
OSMPT001E80,2022-01-01,PH063022202,Y,7.0
OSMPT001E81,2022-01-01,PH063022088,Y,4.0
OSMPT001E82,2022-01-01,PH063022057,Y,24.0
OSMPT001E83,2022-01-01,PH063022075,Y,10.0
